EstadoID,Nombre_Estado,Latitud,Longitud,Poblacion_Estatal,Mes,Casos
0,Nacional,23.6345,-102.5528,127792286,2020-02-29,8
0,Nacional,23.6345,-102.5528,127792286,2020-03-31,3122
0,Nacional,23.6345,-102.5528,127792286,2020-04-30,29650
0,Nacional,23.6345,-102.5528,127792286,2020-05-31,92470
0,Nacional,23.6345,-102.5528,127792286,2020-06-30,158886
0,Nacional,23.6345,-102.5528,127792286,2020-07-31,212274
0,Nacional,23.6345,-102.5528,127792286,2020-08-31,170819
0,Nacional,23.6345,-102.5528,127792286,2020-09-30,147468
0,Nacional,23.6345,-102.5528,127792286,2020-10-31,172147
0,Nacional,23.6345,-102.5528,127792286,2020-11-30,206038
0,Nacional,23.6345,-102.5528,127792286,2020-12-31,329996
0,Nacional,23.6345,-102.5528,127792286,2021-01-31,424394
0,Nacional,23.6345,-102.5528,127792286,2021-02-28,195234
0,Nacional,23.6345,-102.5528,127792286,2021-03-31,143254
0,Nacional,23.6345,-102.5528,127792286,2021-04-30,93647
0,Nacional,23.6345,-102.5528,127792286,2021-05-31,65871
0,Nacional,23.6345,-102.5528,127792286,2021-06-30,107135
0,Nacional,23.6345,-102.5528,127792286,2021-07-31,381611
0,Nacional,23.6345,-102.5528,127792286,2021-08-31,523222
0,Nacional,23.6345,-102.5528,127792286,2021-09-30,273774
0,Nacional,23.6345,-102.5528,127792286,2021-10-31,124864
0,Nacional,23.6345,-102.5528,127792286,2021-11-30,82496
0,Nacional,23.6345,-102.5528,127792286,2021-12-31,120519
0,Nacional,23.6345,-102.5528,127792286,2022-01-31,1357737
0,Nacional,23.6345,-102.5528,127792286,2022-02-28,293706
0,Nacional,23.6345,-102.5528,127792286,2022-03-31,49646
0,Nacional,23.6345,-102.5528,127792286,2022-04-30,16809
0,Nacional,23.6345,-102.5528,127792286,2022-05-31,38158
0,Nacional,23.6345,-102.5528,127792286,2022-06-30,323082
0,Nacional,23.6345,-102.5528,127792286,2022-07-31,754114
0,Nacional,23.6345,-102.5528,127792286,2022-08-31,190910
0,Nacional,23.6345,-102.5528,127792286,2022-09-30,37277
0,Nacional,23.6345,-102.5528,127792286,2022-10-31,13096
0,Nacional,23.6345,-102.5528,127792286,2022-11-30,27793
0,Nacional,23.6345,-102.5528,127792286,2022-12-31,116704
0,Nacional,23.6345,-102.5528,127792286,2023-01-31,119851
0,Nacional,23.6345,-102.5528,127792286,2023-02-28,78445
0,Nacional,23.6345,-102.5528,127792286,2023-03-31,79354
0,Nacional,23.6345,-102.5528,127792286,2023-04-30,38106
0,Nacional,23.6345,-102.5528,127792286,2023-05-31,31009
0,Nacional,23.6345,-102.5528,127792286,2023-06-30,8659
1,AGUASCALIENTES,21.8853,-102.2916,1434635,2020-02-29,0
1,AGUASCALIENTES,21.8853,-102.2916,1434635,2020-03-31,54
1,AGUASCALIENTES,21.8853,-102.2916,1434635,2020-04-30,261
1,AGUASCALIENTES,21.8853,-102.2916,1434635,2020-05-31,670
1,AGUASCALIENTES,21.8853,-102.2916,1434635,2020-06-30,1510
1,AGUASCALIENTES,21.8853,-102.2916,1434635,2020-07-31,1812
1,AGUASCALIENTES,21.8853,-102.2916,1434635,2020-08-31,1680
1,AGUASCALIENTES,21.8853,-102.2916,1434635,2020-09-30,1649
1,AGUASCALIENTES,21.8853,-102.2916,1434635,2020-10-31,2834
1,AGUASCALIENTES,21.8853,-102.2916,1434635,2020-11-30,4714
1,AGUASCALIENTES,21.8853,-102.2916,1434635,2020-12-31,2815
1,AGUASCALIENTES,21.8853,-102.2916,1434635,2021-01-31,3813
1,AGUASCALIENTES,21.8853,-102.2916,1434635,2021-02-28,1891
1,AGUASCALIENTES,21.8853,-102.2916,1434635,2021-03-31,1509
1,AGUASCALIENTES,21.8853,-102.2916,1434635,2021-04-30,935
1,AGUASCALIENTES,21.8853,-102.2916,1434635,2021-05-31,448
1,AGUASCALIENTES,21.8853,-102.2916,1434635,2021-06-30,245
1,AGUASCALIENTES,21.8853,-102.2916,1434635,2021-07-31,1257
1,AGUASCALIENTES,21.8853,-102.2916,1434635,2021-08-31,3386
1,AGUASCALIENTES,21.8853,-102.2916,1434635,2021-09-30,2476
1,AGUASCALIENTES,21.8853,-102.2916,1434635,2021-10-31,1899
1,AGUASCALIENTES,21.8853,-102.2916,1434635,2021-11-30,1367
1,AGUASCALIENTES,21.8853,-102.2916,1434635,2021-12-31,2340
1,AGUASCALIENTES,21.8853,-102.2916,1434635,2022-01-31,18463
1,AGUASCALIENTES,21.8853,-102.2916,1434635,2022-02-28,5835
1,AGUASCALIENTES,21.8853,-102.2916,1434635,2022-03-31,1716
1,AGUASCALIENTES,21.8853,-102.2916,1434635,2022-04-30,685
1,AGUASCALIENTES,21.8853,-102.2916,1434635,2022-05-31,1913
1,AGUASCALIENTES,21.8853,-102.2916,1434635,2022-06-30,3074
1,AGUASCALIENTES,21.8853,-102.2916,1434635,2022-07-31,9128
1,AGUASCALIENTES,21.8853,-102.2916,1434635,2022-08-31,3560
1,AGUASCALIENTES,21.8853,-102.2916,1434635,2022-09-30,502
1,AGUASCALIENTES,21.8853,-102.2916,1434635,2022-10-31,123
1,AGUASCALIENTES,21.8853,-102.2916,1434635,2022-11-30,264
1,AGUASCALIENTES,21.8853,-102.2916,1434635,2022-12-31,1390
1,AGUASCALIENTES,21.8853,-102.2916,1434635,2023-01-31,3280
1,AGUASCALIENTES,21.8853,-102.2916,1434635,2023-02-28,1238
1,AGUASCALIENTES,21.8853,-102.2916,1434635,2023-03-31,315
1,AGUASCALIENTES,21.8853,-102.2916,1434635,2023-04-30,146
1,AGUASCALIENTES,21.8853,-102.2916,1434635,2023-05-31,197
1,AGUASCALIENTES,21.8853,-102.2916,1434635,2023-06-30,63
2,BAJA CALIFORNIA,30.8406,-115.2838,3634868,2020-02-29,0
2,BAJA CALIFORNIA,30.8406,-115.2838,3634868,2020-03-31,187
2,BAJA CALIFORNIA,30.8406,-115.2838,3634868,2020-04-30,2411
2,BAJA CALIFORNIA,30.8406,-115.2838,3634868,2020-05-31,3906
2,BAJA CALIFORNIA,30.8406,-115.2838,3634868,2020-06-30,4486
2,BAJA CALIFORNIA,30.8406,-115.2838,3634868,2020-07-31,4385
2,BAJA CALIFORNIA,30.8406,-115.2838,3634868,2020-08-31,3202
2,BAJA CALIFORNIA,30.8406,-115.2838,3634868,2020-09-30,2813
2,BAJA CALIFORNIA,30.8406,-115.2838,3634868,2020-10-31,3118
2,BAJA CALIFORNIA,30.8406,-115.2838,3634868,2020-11-30,4865
2,BAJA CALIFORNIA,30.8406,-115.2838,3634868,2020-12-31,8061
2,BAJA CALIFORNIA,30.8406,-115.2838,3634868,2021-01-31,6290
2,BAJA CALIFORNIA,30.8406,-115.2838,3634868,2021-02-28,2034
2,BAJA CALIFORNIA,30.8406,-115.2838,3634868,2021-03-31,1308
2,BAJA CALIFORNIA,30.8406,-115.2838,3634868,2021-04-30,1051
2,BAJA CALIFORNIA,30.8406,-115.2838,3634868,2021-05-31,1374
2,BAJA CALIFORNIA,30.8406,-115.2838,3634868,2021-06-30,1234
2,BAJA CALIFORNIA,30.8406,-115.2838,3634868,2021-07-31,1982
2,BAJA CALIFORNIA,30.8406,-115.2838,3634868,2021-08-31,4320
2,BAJA CALIFORNIA,30.8406,-115.2838,3634868,2021-09-30,4297
2,BAJA CALIFORNIA,30.8406,-115.2838,3634868,2021-10-31,8642
2,BAJA CALIFORNIA,30.8406,-115.2838,3634868,2021-11-30,11827
2,BAJA CALIFORNIA,30.8406,-115.2838,3634868,2021-12-31,10868
2,BAJA CALIFORNIA,30.8406,-115.2838,3634868,2022-01-31,36817
2,BAJA CALIFORNIA,30.8406,-115.2838,3634868,2022-02-28,3371
2,BAJA CALIFORNIA,30.8406,-115.2838,3634868,2022-03-31,956
2,BAJA CALIFORNIA,30.8406,-115.2838,3634868,2022-04-30,510
2,BAJA CALIFORNIA,30.8406,-115.2838,3634868,2022-05-31,1022
2,BAJA CALIFORNIA,30.8406,-115.2838,3634868,2022-06-30,6483
2,BAJA CALIFORNIA,30.8406,-115.2838,3634868,2022-07-31,16412
2,BAJA CALIFORNIA,30.8406,-115.2838,3634868,2022-08-31,4788
2,BAJA CALIFORNIA,30.8406,-115.2838,3634868,2022-09-30,1749
2,BAJA CALIFORNIA,30.8406,-115.2838,3634868,2022-10-31,917
2,BAJA CALIFORNIA,30.8406,-115.2838,3634868,2022-11-30,1817
2,BAJA CALIFORNIA,30.8406,-115.2838,3634868,2022-12-31,3020
2,BAJA CALIFORNIA,30.8406,-115.2838,3634868,2023-01-31,2016
2,BAJA CALIFORNIA,30.8406,-115.2838,3634868,2023-02-28,2701
2,BAJA CALIFORNIA,30.8406,-115.2838,3634868,2023-03-31,1950
2,BAJA CALIFORNIA,30.8406,-115.2838,3634868,2023-04-30,1508
2,BAJA CALIFORNIA,30.8406,-115.2838,3634868,2023-05-31,1036
2,BAJA CALIFORNIA,30.8406,-115.2838,3634868,2023-06-30,384
3,BAJA CALIFORNIA SUR,26.0444,-111.6661,804708,2020-02-29,0
3,BAJA CALIFORNIA SUR,26.0444,-111.6661,804708,2020-03-31,42
3,BAJA CALIFORNIA SUR,26.0444,-111.6661,804708,2020-04-30,312
3,BAJA CALIFORNIA SUR,26.0444,-111.6661,804708,2020-05-31,339
3,BAJA CALIFORNIA SUR,26.0444,-111.6661,804708,2020-06-30,1055
3,BAJA CALIFORNIA SUR,26.0444,-111.6661,804708,2020-07-31,3059
3,BAJA CALIFORNIA SUR,26.0444,-111.6661,804708,2020-08-31,3080
3,BAJA CALIFORNIA SUR,26.0444,-111.6661,804708,2020-09-30,2523
3,BAJA CALIFORNIA SUR,26.0444,-111.6661,804708,2020-10-31,2349
3,BAJA CALIFORNIA SUR,26.0444,-111.6661,804708,2020-11-30,2027
3,BAJA CALIFORNIA SUR,26.0444,-111.6661,804708,2020-12-31,3382
3,BAJA CALIFORNIA SUR,26.0444,-111.6661,804708,2021-01-31,5540
3,BAJA CALIFORNIA SUR,26.0444,-111.6661,804708,2021-02-28,2739
3,BAJA CALIFORNIA SUR,26.0444,-111.6661,804708,2021-03-31,1980
3,BAJA CALIFORNIA SUR,26.0444,-111.6661,804708,2021-04-30,1844
3,BAJA CALIFORNIA SUR,26.0444,-111.6661,804708,2021-05-31,2050
3,BAJA CALIFORNIA SUR,26.0444,-111.6661,804708,2021-06-30,8494
3,BAJA CALIFORNIA SUR,26.0444,-111.6661,804708,2021-07-31,8592
3,BAJA CALIFORNIA SUR,26.0444,-111.6661,804708,2021-08-31,4069
3,BAJA CALIFORNIA SUR,26.0444,-111.6661,804708,2021-09-30,1519
3,BAJA CALIFORNIA SUR,26.0444,-111.6661,804708,2021-10-31,641
3,BAJA CALIFORNIA SUR,26.0444,-111.6661,804708,2021-11-30,1078
3,BAJA CALIFORNIA SUR,26.0444,-111.6661,804708,2021-12-31,7273
3,BAJA CALIFORNIA SUR,26.0444,-111.6661,804708,2022-01-31,32360
3,BAJA CALIFORNIA SUR,26.0444,-111.6661,804708,2022-02-28,5431
3,BAJA CALIFORNIA SUR,26.0444,-111.6661,804708,2022-03-31,1135
3,BAJA CALIFORNIA SUR,26.0444,-111.6661,804708,2022-04-30,453
3,BAJA CALIFORNIA SUR,26.0444,-111.6661,804708,2022-05-31,1568
3,BAJA CALIFORNIA SUR,26.0444,-111.6661,804708,2022-06-30,8054
3,BAJA CALIFORNIA SUR,26.0444,-111.6661,804708,2022-07-31,8481
3,BAJA CALIFORNIA SUR,26.0444,-111.6661,804708,2022-08-31,3047
3,BAJA CALIFORNIA SUR,26.0444,-111.6661,804708,2022-09-30,594
3,BAJA CALIFORNIA SUR,26.0444,-111.6661,804708,2022-10-31,259
3,BAJA CALIFORNIA SUR,26.0444,-111.6661,804708,2022-11-30,202
3,BAJA CALIFORNIA SUR,26.0444,-111.6661,804708,2022-12-31,727
3,BAJA CALIFORNIA SUR,26.0444,-111.6661,804708,2023-01-31,908
3,BAJA CALIFORNIA SUR,26.0444,-111.6661,804708,2023-02-28,1001
3,BAJA CALIFORNIA SUR,26.0444,-111.6661,804708,2023-03-31,1443
3,BAJA CALIFORNIA SUR,26.0444,-111.6661,804708,2023-04-30,704
3,BAJA CALIFORNIA SUR,26.0444,-111.6661,804708,2023-05-31,518
3,BAJA CALIFORNIA SUR,26.0444,-111.6661,804708,2023-06-30,74
4,CAMPECHE,19.8301,-90.5349,1000617,2020-02-29,0
4,CAMPECHE,19.8301,-90.5349,1000617,2020-03-31,8
4,CAMPECHE,19.8301,-90.5349,1000617,2020-04-30,126
4,CAMPECHE,19.8301,-90.5349,1000617,2020-05-31,597
4,CAMPECHE,19.8301,-90.5349,1000617,2020-06-30,1878
4,CAMPECHE,19.8301,-90.5349,1000617,2020-07-31,2419
4,CAMPECHE,19.8301,-90.5349,1000617,2020-08-31,958
4,CAMPECHE,19.8301,-90.5349,1000617,2020-09-30,409
4,CAMPECHE,19.8301,-90.5349,1000617,2020-10-31,342
4,CAMPECHE,19.8301,-90.5349,1000617,2020-11-30,321
4,CAMPECHE,19.8301,-90.5349,1000617,2020-12-31,478
4,CAMPECHE,19.8301,-90.5349,1000617,2021-01-31,758
4,CAMPECHE,19.8301,-90.5349,1000617,2021-02-28,416
4,CAMPECHE,19.8301,-90.5349,1000617,2021-03-31,490
4,CAMPECHE,19.8301,-90.5349,1000617,2021-04-30,435
4,CAMPECHE,19.8301,-90.5349,1000617,2021-05-31,702
4,CAMPECHE,19.8301,-90.5349,1000617,2021-06-30,1760
4,CAMPECHE,19.8301,-90.5349,1000617,2021-07-31,2823
4,CAMPECHE,19.8301,-90.5349,1000617,2021-08-31,5472
4,CAMPECHE,19.8301,-90.5349,1000617,2021-09-30,2618
4,CAMPECHE,19.8301,-90.5349,1000617,2021-10-31,989
4,CAMPECHE,19.8301,-90.5349,1000617,2021-11-30,211
4,CAMPECHE,19.8301,-90.5349,1000617,2021-12-31,197
4,CAMPECHE,19.8301,-90.5349,1000617,2022-01-31,6530
4,CAMPECHE,19.8301,-90.5349,1000617,2022-02-28,2715
4,CAMPECHE,19.8301,-90.5349,1000617,2022-03-31,395
4,CAMPECHE,19.8301,-90.5349,1000617,2022-04-30,105
4,CAMPECHE,19.8301,-90.5349,1000617,2022-05-31,247
4,CAMPECHE,19.8301,-90.5349,1000617,2022-06-30,2334
4,CAMPECHE,19.8301,-90.5349,1000617,2022-07-31,5426
4,CAMPECHE,19.8301,-90.5349,1000617,2022-08-31,635
4,CAMPECHE,19.8301,-90.5349,1000617,2022-09-30,93
4,CAMPECHE,19.8301,-90.5349,1000617,2022-10-31,77
4,CAMPECHE,19.8301,-90.5349,1000617,2022-11-30,418
4,CAMPECHE,19.8301,-90.5349,1000617,2022-12-31,597
4,CAMPECHE,19.8301,-90.5349,1000617,2023-01-31,207
4,CAMPECHE,19.8301,-90.5349,1000617,2023-02-28,48
4,CAMPECHE,19.8301,-90.5349,1000617,2023-03-31,63
4,CAMPECHE,19.8301,-90.5349,1000617,2023-04-30,77
4,CAMPECHE,19.8301,-90.5349,1000617,2023-05-31,92
4,CAMPECHE,19.8301,-90.5349,1000617,2023-06-30,85
5,COAHUILA,27.0587,-101.7068,3218720,2020-02-29,1
5,COAHUILA,27.0587,-101.7068,3218720,2020-03-31,86
5,COAHUILA,27.0587,-101.7068,3218720,2020-04-30,438
5,COAHUILA,27.0587,-101.7068,3218720,2020-05-31,1119
5,COAHUILA,27.0587,-101.7068,3218720,2020-06-30,4817
5,COAHUILA,27.0587,-101.7068,3218720,2020-07-31,8619
5,COAHUILA,27.0587,-101.7068,3218720,2020-08-31,8200
5,COAHUILA,27.0587,-101.7068,3218720,2020-09-30,4638
5,COAHUILA,27.0587,-101.7068,3218720,2020-10-31,8580
5,COAHUILA,27.0587,-101.7068,3218720,2020-11-30,8715
5,COAHUILA,27.0587,-101.7068,3218720,2020-12-31,7792
5,COAHUILA,27.0587,-101.7068,3218720,2021-01-31,9427
5,COAHUILA,27.0587,-101.7068,3218720,2021-02-28,3387
5,COAHUILA,27.0587,-101.7068,3218720,2021-03-31,1631
5,COAHUILA,27.0587,-101.7068,3218720,2021-04-30,964
5,COAHUILA,27.0587,-101.7068,3218720,2021-05-31,726
5,COAHUILA,27.0587,-101.7068,3218720,2021-06-30,793
5,COAHUILA,27.0587,-101.7068,3218720,2021-07-31,4045
5,COAHUILA,27.0587,-101.7068,3218720,2021-08-31,9599
5,COAHUILA,27.0587,-101.7068,3218720,2021-09-30,6296
5,COAHUILA,27.0587,-101.7068,3218720,2021-10-31,4274
5,COAHUILA,27.0587,-101.7068,3218720,2021-11-30,4629
5,COAHUILA,27.0587,-101.7068,3218720,2021-12-31,5153
5,COAHUILA,27.0587,-101.7068,3218720,2022-01-31,37675
5,COAHUILA,27.0587,-101.7068,3218720,2022-02-28,3278
5,COAHUILA,27.0587,-101.7068,3218720,2022-03-31,628
5,COAHUILA,27.0587,-101.7068,3218720,2022-04-30,117
5,COAHUILA,27.0587,-101.7068,3218720,2022-05-31,283
5,COAHUILA,27.0587,-101.7068,3218720,2022-06-30,6013
5,COAHUILA,27.0587,-101.7068,3218720,2022-07-31,22301
5,COAHUILA,27.0587,-101.7068,3218720,2022-08-31,5688
5,COAHUILA,27.0587,-101.7068,3218720,2022-09-30,512
5,COAHUILA,27.0587,-101.7068,3218720,2022-10-31,169
5,COAHUILA,27.0587,-101.7068,3218720,2022-11-30,376
5,COAHUILA,27.0587,-101.7068,3218720,2022-12-31,1640
5,COAHUILA,27.0587,-101.7068,3218720,2023-01-31,2459
5,COAHUILA,27.0587,-101.7068,3218720,2023-02-28,1756
5,COAHUILA,27.0587,-101.7068,3218720,2023-03-31,1647
5,COAHUILA,27.0587,-101.7068,3218720,2023-04-30,793
5,COAHUILA,27.0587,-101.7068,3218720,2023-05-31,578
5,COAHUILA,27.0587,-101.7068,3218720,2023-06-30,105
6,COLIMA,19.1223,-104.0072,785153,2020-02-29,0
6,COLIMA,19.1223,-104.0072,785153,2020-03-31,5
6,COLIMA,19.1223,-104.0072,785153,2020-04-30,28
6,COLIMA,19.1223,-104.0072,785153,2020-05-31,146
6,COLIMA,19.1223,-104.0072,785153,2020-06-30,472
6,COLIMA,19.1223,-104.0072,785153,2020-07-31,1435
6,COLIMA,19.1223,-104.0072,785153,2020-08-31,1873
6,COLIMA,19.1223,-104.0072,785153,2020-09-30,1389
6,COLIMA,19.1223,-104.0072,785153,2020-10-31,1344
6,COLIMA,19.1223,-104.0072,785153,2020-11-30,617
6,COLIMA,19.1223,-104.0072,785153,2020-12-31,716
6,COLIMA,19.1223,-104.0072,785153,2021-01-31,1551
6,COLIMA,19.1223,-104.0072,785153,2021-02-28,858
6,COLIMA,19.1223,-104.0072,785153,2021-03-31,429
6,COLIMA,19.1223,-104.0072,785153,2021-04-30,476
6,COLIMA,19.1223,-104.0072,785153,2021-05-31,633
6,COLIMA,19.1223,-104.0072,785153,2021-06-30,454
6,COLIMA,19.1223,-104.0072,785153,2021-07-31,4039
6,COLIMA,19.1223,-104.0072,785153,2021-08-31,10276
6,COLIMA,19.1223,-104.0072,785153,2021-09-30,4968
6,COLIMA,19.1223,-104.0072,785153,2021-10-31,1323
6,COLIMA,19.1223,-104.0072,785153,2021-11-30,206
6,COLIMA,19.1223,-104.0072,785153,2021-12-31,271
6,COLIMA,19.1223,-104.0072,785153,2022-01-31,15391
6,COLIMA,19.1223,-104.0072,785153,2022-02-28,5241
6,COLIMA,19.1223,-104.0072,785153,2022-03-31,511
6,COLIMA,19.1223,-104.0072,785153,2022-04-30,197
6,COLIMA,19.1223,-104.0072,785153,2022-05-31,375
6,COLIMA,19.1223,-104.0072,785153,2022-06-30,2644
6,COLIMA,19.1223,-104.0072,785153,2022-07-31,7874
6,COLIMA,19.1223,-104.0072,785153,2022-08-31,1291
6,COLIMA,19.1223,-104.0072,785153,2022-09-30,206
6,COLIMA,19.1223,-104.0072,785153,2022-10-31,140
6,COLIMA,19.1223,-104.0072,785153,2022-11-30,203
6,COLIMA,19.1223,-104.0072,785153,2022-12-31,560
6,COLIMA,19.1223,-104.0072,785153,2023-01-31,1415
6,COLIMA,19.1223,-104.0072,785153,2023-02-28,1094
6,COLIMA,19.1223,-104.0072,785153,2023-03-31,890
6,COLIMA,19.1223,-104.0072,785153,2023-04-30,410
6,COLIMA,19.1223,-104.0072,785153,2023-05-31,333
6,COLIMA,19.1223,-104.0072,785153,2023-06-30,130
7,CHIAPAS,16.7569,-93.1292,5730367,2020-02-29,1
7,CHIAPAS,16.7569,-93.1292,5730367,2020-03-31,16
7,CHIAPAS,16.7569,-93.1292,5730367,2020-04-30,219
7,CHIAPAS,16.7569,-93.1292,5730367,2020-05-31,1987
7,CHIAPAS,16.7569,-93.1292,5730367,2020-06-30,2799
7,CHIAPAS,16.7569,-93.1292,5730367,2020-07-31,1375
7,CHIAPAS,16.7569,-93.1292,5730367,2020-08-31,643
7,CHIAPAS,16.7569,-93.1292,5730367,2020-09-30,394
7,CHIAPAS,16.7569,-93.1292,5730367,2020-10-31,244
7,CHIAPAS,16.7569,-93.1292,5730367,2020-11-30,223
7,CHIAPAS,16.7569,-93.1292,5730367,2020-12-31,612
7,CHIAPAS,16.7569,-93.1292,5730367,2021-01-31,1143
7,CHIAPAS,16.7569,-93.1292,5730367,2021-02-28,493
7,CHIAPAS,16.7569,-93.1292,5730367,2021-03-31,503
7,CHIAPAS,16.7569,-93.1292,5730367,2021-04-30,485
7,CHIAPAS,16.7569,-93.1292,5730367,2021-05-31,476
7,CHIAPAS,16.7569,-93.1292,5730367,2021-06-30,986
7,CHIAPAS,16.7569,-93.1292,5730367,2021-07-31,3007
7,CHIAPAS,16.7569,-93.1292,5730367,2021-08-31,4662
7,CHIAPAS,16.7569,-93.1292,5730367,2021-09-30,2392
7,CHIAPAS,16.7569,-93.1292,5730367,2021-10-31,743
7,CHIAPAS,16.7569,-93.1292,5730367,2021-11-30,185
7,CHIAPAS,16.7569,-93.1292,5730367,2021-12-31,195
7,CHIAPAS,16.7569,-93.1292,5730367,2022-01-31,12465
7,CHIAPAS,16.7569,-93.1292,5730367,2022-02-28,7596
7,CHIAPAS,16.7569,-93.1292,5730367,2022-03-31,1073
7,CHIAPAS,16.7569,-93.1292,5730367,2022-04-30,329
7,CHIAPAS,16.7569,-93.1292,5730367,2022-05-31,395
7,CHIAPAS,16.7569,-93.1292,5730367,2022-06-30,1113
7,CHIAPAS,16.7569,-93.1292,5730367,2022-07-31,3689
7,CHIAPAS,16.7569,-93.1292,5730367,2022-08-31,4452
7,CHIAPAS,16.7569,-93.1292,5730367,2022-09-30,1719
7,CHIAPAS,16.7569,-93.1292,5730367,2022-10-31,218
7,CHIAPAS,16.7569,-93.1292,5730367,2022-11-30,203
7,CHIAPAS,16.7569,-93.1292,5730367,2022-12-31,770
7,CHIAPAS,16.7569,-93.1292,5730367,2023-01-31,1282
7,CHIAPAS,16.7569,-93.1292,5730367,2023-02-28,441
7,CHIAPAS,16.7569,-93.1292,5730367,2023-03-31,55
7,CHIAPAS,16.7569,-93.1292,5730367,2023-04-30,59
7,CHIAPAS,16.7569,-93.1292,5730367,2023-05-31,146
7,CHIAPAS,16.7569,-93.1292,5730367,2023-06-30,115
8,CHIHUAHUA,28.632,-106.0691,3801487,2020-02-29,0
8,CHIHUAHUA,28.632,-106.0691,3801487,2020-03-31,44
8,CHIHUAHUA,28.632,-106.0691,3801487,2020-04-30,1101
8,CHIHUAHUA,28.632,-106.0691,3801487,2020-05-31,2287
8,CHIHUAHUA,28.632,-106.0691,3801487,2020-06-30,1782
8,CHIHUAHUA,28.632,-106.0691,3801487,2020-07-31,2891
8,CHIHUAHUA,28.632,-106.0691,3801487,2020-08-31,3024
8,CHIHUAHUA,28.632,-106.0691,3801487,2020-09-30,3543
8,CHIHUAHUA,28.632,-106.0691,3801487,2020-10-31,14193
8,CHIHUAHUA,28.632,-106.0691,3801487,2020-11-30,8321
8,CHIHUAHUA,28.632,-106.0691,3801487,2020-12-31,2680
8,CHIHUAHUA,28.632,-106.0691,3801487,2021-01-31,2891
8,CHIHUAHUA,28.632,-106.0691,3801487,2021-02-28,2184
8,CHIHUAHUA,28.632,-106.0691,3801487,2021-03-31,3663
8,CHIHUAHUA,28.632,-106.0691,3801487,2021-04-30,5894
8,CHIHUAHUA,28.632,-106.0691,3801487,2021-05-31,2634
8,CHIHUAHUA,28.632,-106.0691,3801487,2021-06-30,1037
8,CHIHUAHUA,28.632,-106.0691,3801487,2021-07-31,2616
8,CHIHUAHUA,28.632,-106.0691,3801487,2021-08-31,2739
8,CHIHUAHUA,28.632,-106.0691,3801487,2021-09-30,2301
8,CHIHUAHUA,28.632,-106.0691,3801487,2021-10-31,3206
8,CHIHUAHUA,28.632,-106.0691,3801487,2021-11-30,5137
8,CHIHUAHUA,28.632,-106.0691,3801487,2021-12-31,8659
8,CHIHUAHUA,28.632,-106.0691,3801487,2022-01-31,41347
8,CHIHUAHUA,28.632,-106.0691,3801487,2022-02-28,6855
8,CHIHUAHUA,28.632,-106.0691,3801487,2022-03-31,1302
8,CHIHUAHUA,28.632,-106.0691,3801487,2022-04-30,365
8,CHIHUAHUA,28.632,-106.0691,3801487,2022-05-31,445
8,CHIHUAHUA,28.632,-106.0691,3801487,2022-06-30,4906
8,CHIHUAHUA,28.632,-106.0691,3801487,2022-07-31,18435
8,CHIHUAHUA,28.632,-106.0691,3801487,2022-08-31,8290
8,CHIHUAHUA,28.632,-106.0691,3801487,2022-09-30,1228
8,CHIHUAHUA,28.632,-106.0691,3801487,2022-10-31,469
8,CHIHUAHUA,28.632,-106.0691,3801487,2022-11-30,1885
8,CHIHUAHUA,28.632,-106.0691,3801487,2022-12-31,2320
8,CHIHUAHUA,28.632,-106.0691,3801487,2023-01-31,1169
8,CHIHUAHUA,28.632,-106.0691,3801487,2023-02-28,643
8,CHIHUAHUA,28.632,-106.0691,3801487,2023-03-31,992
8,CHIHUAHUA,28.632,-106.0691,3801487,2023-04-30,688
8,CHIHUAHUA,28.632,-106.0691,3801487,2023-05-31,500
8,CHIHUAHUA,28.632,-106.0691,3801487,2023-06-30,177
9,DISTRITO FEDERAL,19.4326,-99.1332,9018645,2020-02-29,2
9,DISTRITO FEDERAL,19.4326,-99.1332,9018645,2020-03-31,879
9,DISTRITO FEDERAL,19.4326,-99.1332,9018645,2020-04-30,8719
9,DISTRITO FEDERAL,19.4326,-99.1332,9018645,2020-05-31,23580
9,DISTRITO FEDERAL,19.4326,-99.1332,9018645,2020-06-30,24298
9,DISTRITO FEDERAL,19.4326,-99.1332,9018645,2020-07-31,27227
9,DISTRITO FEDERAL,19.4326,-99.1332,9018645,2020-08-31,26753
9,DISTRITO FEDERAL,19.4326,-99.1332,9018645,2020-09-30,29774
9,DISTRITO FEDERAL,19.4326,-99.1332,9018645,2020-10-31,37880
9,DISTRITO FEDERAL,19.4326,-99.1332,9018645,2020-11-30,54145
9,DISTRITO FEDERAL,19.4326,-99.1332,9018645,2020-12-31,129018
9,DISTRITO FEDERAL,19.4326,-99.1332,9018645,2021-01-31,145294
9,DISTRITO FEDERAL,19.4326,-99.1332,9018645,2021-02-28,67856
9,DISTRITO FEDERAL,19.4326,-99.1332,9018645,2021-03-31,50228
9,DISTRITO FEDERAL,19.4326,-99.1332,9018645,2021-04-30,27189
9,DISTRITO FEDERAL,19.4326,-99.1332,9018645,2021-05-31,15015
9,DISTRITO FEDERAL,19.4326,-99.1332,9018645,2021-06-30,28612
9,DISTRITO FEDERAL,19.4326,-99.1332,9018645,2021-07-31,113146
9,DISTRITO FEDERAL,19.4326,-99.1332,9018645,2021-08-31,107006
9,DISTRITO FEDERAL,19.4326,-99.1332,9018645,2021-09-30,46364
9,DISTRITO FEDERAL,19.4326,-99.1332,9018645,2021-10-31,18307
9,DISTRITO FEDERAL,19.4326,-99.1332,9018645,2021-11-30,11435
9,DISTRITO FEDERAL,19.4326,-99.1332,9018645,2021-12-31,25491
9,DISTRITO FEDERAL,19.4326,-99.1332,9018645,2022-01-31,317562
9,DISTRITO FEDERAL,19.4326,-99.1332,9018645,2022-02-28,61971
9,DISTRITO FEDERAL,19.4326,-99.1332,9018645,2022-03-31,12034
9,DISTRITO FEDERAL,19.4326,-99.1332,9018645,2022-04-30,5084
9,DISTRITO FEDERAL,19.4326,-99.1332,9018645,2022-05-31,12805
9,DISTRITO FEDERAL,19.4326,-99.1332,9018645,2022-06-30,102459
9,DISTRITO FEDERAL,19.4326,-99.1332,9018645,2022-07-31,178816
9,DISTRITO FEDERAL,19.4326,-99.1332,9018645,2022-08-31,36096
9,DISTRITO FEDERAL,19.4326,-99.1332,9018645,2022-09-30,8872
9,DISTRITO FEDERAL,19.4326,-99.1332,9018645,2022-10-31,3769
9,DISTRITO FEDERAL,19.4326,-99.1332,9018645,2022-11-30,6862
9,DISTRITO FEDERAL,19.4326,-99.1332,9018645,2022-12-31,39343
9,DISTRITO FEDERAL,19.4326,-99.1332,9018645,2023-01-31,31815
9,DISTRITO FEDERAL,19.4326,-99.1332,9018645,2023-02-28,22969
9,DISTRITO FEDERAL,19.4326,-99.1332,9018645,2023-03-31,25957
9,DISTRITO FEDERAL,19.4326,-99.1332,9018645,2023-04-30,9247
9,DISTRITO FEDERAL,19.4326,-99.1332,9018645,2023-05-31,6550
9,DISTRITO FEDERAL,19.4326,-99.1332,9018645,2023-06-30,1574
10,DURANGO,24.5593,-104.6588,1868996,2020-02-29,0
10,DURANGO,24.5593,-104.6588,1868996,2020-03-31,15
10,DURANGO,24.5593,-104.6588,1868996,2020-04-30,70
10,DURANGO,24.5593,-104.6588,1868996,2020-05-31,434
10,DURANGO,24.5593,-104.6588,1868996,2020-06-30,1723
10,DURANGO,24.5593,-104.6588,1868996,2020-07-31,2243
10,DURANGO,24.5593,-104.6588,1868996,2020-08-31,2436
10,DURANGO,24.5593,-104.6588,1868996,2020-09-30,2640
10,DURANGO,24.5593,-104.6588,1868996,2020-10-31,6150
10,DURANGO,24.5593,-104.6588,1868996,2020-11-30,7030
10,DURANGO,24.5593,-104.6588,1868996,2020-12-31,3649
10,DURANGO,24.5593,-104.6588,1868996,2021-01-31,3232
10,DURANGO,24.5593,-104.6588,1868996,2021-02-28,1588
10,DURANGO,24.5593,-104.6588,1868996,2021-03-31,1337
10,DURANGO,24.5593,-104.6588,1868996,2021-04-30,1098
10,DURANGO,24.5593,-104.6588,1868996,2021-05-31,640
10,DURANGO,24.5593,-104.6588,1868996,2021-06-30,544
10,DURANGO,24.5593,-104.6588,1868996,2021-07-31,3034
10,DURANGO,24.5593,-104.6588,1868996,2021-08-31,6775
10,DURANGO,24.5593,-104.6588,1868996,2021-09-30,2867
10,DURANGO,24.5593,-104.6588,1868996,2021-10-31,1281
10,DURANGO,24.5593,-104.6588,1868996,2021-11-30,1211
10,DURANGO,24.5593,-104.6588,1868996,2021-12-31,1408
10,DURANGO,24.5593,-104.6588,1868996,2022-01-31,14947
10,DURANGO,24.5593,-104.6588,1868996,2022-02-28,1391
10,DURANGO,24.5593,-104.6588,1868996,2022-03-31,285
10,DURANGO,24.5593,-104.6588,1868996,2022-04-30,101
10,DURANGO,24.5593,-104.6588,1868996,2022-05-31,173
10,DURANGO,24.5593,-104.6588,1868996,2022-06-30,2760
10,DURANGO,24.5593,-104.6588,1868996,2022-07-31,6138
10,DURANGO,24.5593,-104.6588,1868996,2022-08-31,1922
10,DURANGO,24.5593,-104.6588,1868996,2022-09-30,158
10,DURANGO,24.5593,-104.6588,1868996,2022-10-31,32
10,DURANGO,24.5593,-104.6588,1868996,2022-11-30,73
10,DURANGO,24.5593,-104.6588,1868996,2022-12-31,542
10,DURANGO,24.5593,-104.6588,1868996,2023-01-31,1244
10,DURANGO,24.5593,-104.6588,1868996,2023-02-28,309
10,DURANGO,24.5593,-104.6588,1868996,2023-03-31,285
10,DURANGO,24.5593,-104.6588,1868996,2023-04-30,151
10,DURANGO,24.5593,-104.6588,1868996,2023-05-31,209
10,DURANGO,24.5593,-104.6588,1868996,2023-06-30,76
11,GUANAJUATO,21.019,-101.2574,6228175,2020-02-29,0
11,GUANAJUATO,21.019,-101.2574,6228175,2020-03-31,120
11,GUANAJUATO,21.019,-101.2574,6228175,2020-04-30,293
11,GUANAJUATO,21.019,-101.2574,6228175,2020-05-31,1692
11,GUANAJUATO,21.019,-101.2574,6228175,2020-06-30,7486
11,GUANAJUATO,21.019,-101.2574,6228175,2020-07-31,13581
11,GUANAJUATO,21.019,-101.2574,6228175,2020-08-31,10864
11,GUANAJUATO,21.019,-101.2574,6228175,2020-09-30,8276
11,GUANAJUATO,21.019,-101.2574,6228175,2020-10-31,8699
11,GUANAJUATO,21.019,-101.2574,6228175,2020-11-30,15391
11,GUANAJUATO,21.019,-101.2574,6228175,2020-12-31,19866
11,GUANAJUATO,21.019,-101.2574,6228175,2021-01-31,24192
11,GUANAJUATO,21.019,-101.2574,6228175,2021-02-28,11908
11,GUANAJUATO,21.019,-101.2574,6228175,2021-03-31,6074
11,GUANAJUATO,21.019,-101.2574,6228175,2021-04-30,2614
11,GUANAJUATO,21.019,-101.2574,6228175,2021-05-31,1201
11,GUANAJUATO,21.019,-101.2574,6228175,2021-06-30,952
11,GUANAJUATO,21.019,-101.2574,6228175,2021-07-31,6841
11,GUANAJUATO,21.019,-101.2574,6228175,2021-08-31,17559
11,GUANAJUATO,21.019,-101.2574,6228175,2021-09-30,18715
11,GUANAJUATO,21.019,-101.2574,6228175,2021-10-31,13240
11,GUANAJUATO,21.019,-101.2574,6228175,2021-11-30,7566
11,GUANAJUATO,21.019,-101.2574,6228175,2021-12-31,8389
11,GUANAJUATO,21.019,-101.2574,6228175,2022-01-31,58011
11,GUANAJUATO,21.019,-101.2574,6228175,2022-02-28,16768
11,GUANAJUATO,21.019,-101.2574,6228175,2022-03-31,1529
11,GUANAJUATO,21.019,-101.2574,6228175,2022-04-30,357
11,GUANAJUATO,21.019,-101.2574,6228175,2022-05-31,916
11,GUANAJUATO,21.019,-101.2574,6228175,2022-06-30,8306
11,GUANAJUATO,21.019,-101.2574,6228175,2022-07-31,47366
11,GUANAJUATO,21.019,-101.2574,6228175,2022-08-31,11482
11,GUANAJUATO,21.019,-101.2574,6228175,2022-09-30,1206
11,GUANAJUATO,21.019,-101.2574,6228175,2022-10-31,335
11,GUANAJUATO,21.019,-101.2574,6228175,2022-11-30,761
11,GUANAJUATO,21.019,-101.2574,6228175,2022-12-31,4108
11,GUANAJUATO,21.019,-101.2574,6228175,2023-01-31,6163
11,GUANAJUATO,21.019,-101.2574,6228175,2023-02-28,4833
11,GUANAJUATO,21.019,-101.2574,6228175,2023-03-31,3479
11,GUANAJUATO,21.019,-101.2574,6228175,2023-04-30,1453
11,GUANAJUATO,21.019,-101.2574,6228175,2023-05-31,852
11,GUANAJUATO,21.019,-101.2574,6228175,2023-06-30,221
12,GUERRERO,17.4392,-99.5451,3657048,2020-02-29,0
12,GUERRERO,17.4392,-99.5451,3657048,2020-03-31,34
12,GUERRERO,17.4392,-99.5451,3657048,2020-04-30,350
12,GUERRERO,17.4392,-99.5451,3657048,2020-05-31,2368
12,GUERRERO,17.4392,-99.5451,3657048,2020-06-30,4006
12,GUERRERO,17.4392,-99.5451,3657048,2020-07-31,5111
12,GUERRERO,17.4392,-99.5451,3657048,2020-08-31,3634
12,GUERRERO,17.4392,-99.5451,3657048,2020-09-30,4368
12,GUERRERO,17.4392,-99.5451,3657048,2020-10-31,2622
12,GUERRERO,17.4392,-99.5451,3657048,2020-11-30,1626
12,GUERRERO,17.4392,-99.5451,3657048,2020-12-31,2598
12,GUERRERO,17.4392,-99.5451,3657048,2021-01-31,5833
12,GUERRERO,17.4392,-99.5451,3657048,2021-02-28,3038
12,GUERRERO,17.4392,-99.5451,3657048,2021-03-31,2333
12,GUERRERO,17.4392,-99.5451,3657048,2021-04-30,1914
12,GUERRERO,17.4392,-99.5451,3657048,2021-05-31,1376
12,GUERRERO,17.4392,-99.5451,3657048,2021-06-30,823
12,GUERRERO,17.4392,-99.5451,3657048,2021-07-31,14864
12,GUERRERO,17.4392,-99.5451,3657048,2021-08-31,14885
12,GUERRERO,17.4392,-99.5451,3657048,2021-09-30,3354
12,GUERRERO,17.4392,-99.5451,3657048,2021-10-31,1105
12,GUERRERO,17.4392,-99.5451,3657048,2021-11-30,589
12,GUERRERO,17.4392,-99.5451,3657048,2021-12-31,659
12,GUERRERO,17.4392,-99.5451,3657048,2022-01-31,17166
12,GUERRERO,17.4392,-99.5451,3657048,2022-02-28,4258
12,GUERRERO,17.4392,-99.5451,3657048,2022-03-31,389
12,GUERRERO,17.4392,-99.5451,3657048,2022-04-30,92
12,GUERRERO,17.4392,-99.5451,3657048,2022-05-31,72
12,GUERRERO,17.4392,-99.5451,3657048,2022-06-30,1679
12,GUERRERO,17.4392,-99.5451,3657048,2022-07-31,11989
12,GUERRERO,17.4392,-99.5451,3657048,2022-08-31,2330
12,GUERRERO,17.4392,-99.5451,3657048,2022-09-30,381
12,GUERRERO,17.4392,-99.5451,3657048,2022-10-31,115
12,GUERRERO,17.4392,-99.5451,3657048,2022-11-30,450
12,GUERRERO,17.4392,-99.5451,3657048,2022-12-31,1056
12,GUERRERO,17.4392,-99.5451,3657048,2023-01-31,1002
12,GUERRERO,17.4392,-99.5451,3657048,2023-02-28,457
12,GUERRERO,17.4392,-99.5451,3657048,2023-03-31,600
12,GUERRERO,17.4392,-99.5451,3657048,2023-04-30,540
12,GUERRERO,17.4392,-99.5451,3657048,2023-05-31,690
12,GUERRERO,17.4392,-99.5451,3657048,2023-06-30,494
13,HIDALGO,20.0911,-98.7624,3086414,2020-02-29,1
13,HIDALGO,20.0911,-98.7624,3086414,2020-03-31,40
13,HIDALGO,20.0911,-98.7624,3086414,2020-04-30,340
13,HIDALGO,20.0911,-98.7624,3086414,2020-05-31,1706
13,HIDALGO,20.0911,-98.7624,3086414,2020-06-30,2165
13,HIDALGO,20.0911,-98.7624,3086414,2020-07-31,3137
13,HIDALGO,20.0911,-98.7624,3086414,2020-08-31,3538
13,HIDALGO,20.0911,-98.7624,3086414,2020-09-30,2388
13,HIDALGO,20.0911,-98.7624,3086414,2020-10-31,2782
13,HIDALGO,20.0911,-98.7624,3086414,2020-11-30,3575
13,HIDALGO,20.0911,-98.7624,3086414,2020-12-31,5392
13,HIDALGO,20.0911,-98.7624,3086414,2021-01-31,7239
13,HIDALGO,20.0911,-98.7624,3086414,2021-02-28,2643
13,HIDALGO,20.0911,-98.7624,3086414,2021-03-31,1995
13,HIDALGO,20.0911,-98.7624,3086414,2021-04-30,1506
13,HIDALGO,20.0911,-98.7624,3086414,2021-05-31,597
13,HIDALGO,20.0911,-98.7624,3086414,2021-06-30,635
13,HIDALGO,20.0911,-98.7624,3086414,2021-07-31,5327
13,HIDALGO,20.0911,-98.7624,3086414,2021-08-31,10622
13,HIDALGO,20.0911,-98.7624,3086414,2021-09-30,4638
13,HIDALGO,20.0911,-98.7624,3086414,2021-10-31,1473
13,HIDALGO,20.0911,-98.7624,3086414,2021-11-30,652
13,HIDALGO,20.0911,-98.7624,3086414,2021-12-31,936
13,HIDALGO,20.0911,-98.7624,3086414,2022-01-31,20491
13,HIDALGO,20.0911,-98.7624,3086414,2022-02-28,8085
13,HIDALGO,20.0911,-98.7624,3086414,2022-03-31,1390
13,HIDALGO,20.0911,-98.7624,3086414,2022-04-30,184
13,HIDALGO,20.0911,-98.7624,3086414,2022-05-31,415
13,HIDALGO,20.0911,-98.7624,3086414,2022-06-30,4637
13,HIDALGO,20.0911,-98.7624,3086414,2022-07-31,14491
13,HIDALGO,20.0911,-98.7624,3086414,2022-08-31,6016
13,HIDALGO,20.0911,-98.7624,3086414,2022-09-30,925
13,HIDALGO,20.0911,-98.7624,3086414,2022-10-31,178
13,HIDALGO,20.0911,-98.7624,3086414,2022-11-30,272
13,HIDALGO,20.0911,-98.7624,3086414,2022-12-31,1634
13,HIDALGO,20.0911,-98.7624,3086414,2023-01-31,2877
13,HIDALGO,20.0911,-98.7624,3086414,2023-02-28,1871
13,HIDALGO,20.0911,-98.7624,3086414,2023-03-31,2140
13,HIDALGO,20.0911,-98.7624,3086414,2023-04-30,816
13,HIDALGO,20.0911,-98.7624,3086414,2023-05-31,647
13,HIDALGO,20.0911,-98.7624,3086414,2023-06-30,109
14,JALISCO,20.6597,-103.3496,8409693,2020-02-29,0
14,JALISCO,20.6597,-103.3496,8409693,2020-03-31,126
14,JALISCO,20.6597,-103.3496,8409693,2020-04-30,338
14,JALISCO,20.6597,-103.3496,8409693,2020-05-31,1880
14,JALISCO,20.6597,-103.3496,8409693,2020-06-30,5888
14,JALISCO,20.6597,-103.3496,8409693,2020-07-31,7051
14,JALISCO,20.6597,-103.3496,8409693,2020-08-31,6566
14,JALISCO,20.6597,-103.3496,8409693,2020-09-30,7024
14,JALISCO,20.6597,-103.3496,8409693,2020-10-31,7425
14,JALISCO,20.6597,-103.3496,8409693,2020-11-30,7996
14,JALISCO,20.6597,-103.3496,8409693,2020-12-31,10658
14,JALISCO,20.6597,-103.3496,8409693,2021-01-31,18160
14,JALISCO,20.6597,-103.3496,8409693,2021-02-28,6655
14,JALISCO,20.6597,-103.3496,8409693,2021-03-31,3579
14,JALISCO,20.6597,-103.3496,8409693,2021-04-30,2467
14,JALISCO,20.6597,-103.3496,8409693,2021-05-31,1559
14,JALISCO,20.6597,-103.3496,8409693,2021-06-30,1877
14,JALISCO,20.6597,-103.3496,8409693,2021-07-31,20777
14,JALISCO,20.6597,-103.3496,8409693,2021-08-31,29499
14,JALISCO,20.6597,-103.3496,8409693,2021-09-30,17074
14,JALISCO,20.6597,-103.3496,8409693,2021-10-31,4784
14,JALISCO,20.6597,-103.3496,8409693,2021-11-30,2113
14,JALISCO,20.6597,-103.3496,8409693,2021-12-31,3598
14,JALISCO,20.6597,-103.3496,8409693,2022-01-31,64826
14,JALISCO,20.6597,-103.3496,8409693,2022-02-28,13077
14,JALISCO,20.6597,-103.3496,8409693,2022-03-31,1766
14,JALISCO,20.6597,-103.3496,8409693,2022-04-30,560
14,JALISCO,20.6597,-103.3496,8409693,2022-05-31,1540
14,JALISCO,20.6597,-103.3496,8409693,2022-06-30,8794
14,JALISCO,20.6597,-103.3496,8409693,2022-07-31,17808
14,JALISCO,20.6597,-103.3496,8409693,2022-08-31,7039
14,JALISCO,20.6597,-103.3496,8409693,2022-09-30,1802
14,JALISCO,20.6597,-103.3496,8409693,2022-10-31,481
14,JALISCO,20.6597,-103.3496,8409693,2022-11-30,718
14,JALISCO,20.6597,-103.3496,8409693,2022-12-31,3615
14,JALISCO,20.6597,-103.3496,8409693,2023-01-31,4092
14,JALISCO,20.6597,-103.3496,8409693,2023-02-28,2457
14,JALISCO,20.6597,-103.3496,8409693,2023-03-31,1715
14,JALISCO,20.6597,-103.3496,8409693,2023-04-30,858
14,JALISCO,20.6597,-103.3496,8409693,2023-05-31,736
14,JALISCO,20.6597,-103.3496,8409693,2023-06-30,339
15,MEXICO,19.4969,-99.7233,17427790,2020-02-29,3
15,MEXICO,19.4969,-99.7233,17427790,2020-03-31,518
15,MEXICO,19.4969,-99.7233,17427790,2020-04-30,6002
15,MEXICO,19.4969,-99.7233,17427790,2020-05-31,17546
15,MEXICO,19.4969,-99.7233,17427790,2020-06-30,21647
15,MEXICO,19.4969,-99.7233,17427790,2020-07-31,18627
15,MEXICO,19.4969,-99.7233,17427790,2020-08-31,15638
15,MEXICO,19.4969,-99.7233,17427790,2020-09-30,14620
15,MEXICO,19.4969,-99.7233,17427790,2020-10-31,12143
15,MEXICO,19.4969,-99.7233,17427790,2020-11-30,16688
15,MEXICO,19.4969,-99.7233,17427790,2020-12-31,38377
15,MEXICO,19.4969,-99.7233,17427790,2021-01-31,46002
15,MEXICO,19.4969,-99.7233,17427790,2021-02-28,22553
15,MEXICO,19.4969,-99.7233,17427790,2021-03-31,17477
15,MEXICO,19.4969,-99.7233,17427790,2021-04-30,10494
15,MEXICO,19.4969,-99.7233,17427790,2021-05-31,5774
15,MEXICO,19.4969,-99.7233,17427790,2021-06-30,7895
15,MEXICO,19.4969,-99.7233,17427790,2021-07-31,43100
15,MEXICO,19.4969,-99.7233,17427790,2021-08-31,49885
15,MEXICO,19.4969,-99.7233,17427790,2021-09-30,28315
15,MEXICO,19.4969,-99.7233,17427790,2021-10-31,14241
15,MEXICO,19.4969,-99.7233,17427790,2021-11-30,8746
15,MEXICO,19.4969,-99.7233,17427790,2021-12-31,10777
15,MEXICO,19.4969,-99.7233,17427790,2022-01-31,117625
15,MEXICO,19.4969,-99.7233,17427790,2022-02-28,26584
15,MEXICO,19.4969,-99.7233,17427790,2022-03-31,4505
15,MEXICO,19.4969,-99.7233,17427790,2022-04-30,1451
15,MEXICO,19.4969,-99.7233,17427790,2022-05-31,2407
15,MEXICO,19.4969,-99.7233,17427790,2022-06-30,33255
15,MEXICO,19.4969,-99.7233,17427790,2022-07-31,72885
15,MEXICO,19.4969,-99.7233,17427790,2022-08-31,16019
15,MEXICO,19.4969,-99.7233,17427790,2022-09-30,2876
15,MEXICO,19.4969,-99.7233,17427790,2022-10-31,972
15,MEXICO,19.4969,-99.7233,17427790,2022-11-30,1711
15,MEXICO,19.4969,-99.7233,17427790,2022-12-31,11916
15,MEXICO,19.4969,-99.7233,17427790,2023-01-31,12985
15,MEXICO,19.4969,-99.7233,17427790,2023-02-28,9260
15,MEXICO,19.4969,-99.7233,17427790,2023-03-31,11444
15,MEXICO,19.4969,-99.7233,17427790,2023-04-30,4080
15,MEXICO,19.4969,-99.7233,17427790,2023-05-31,2929
15,MEXICO,19.4969,-99.7233,17427790,2023-06-30,727
16,MICHOACAN,19.5665,-101.7068,4825401,2020-02-29,0
16,MICHOACAN,19.5665,-101.7068,4825401,2020-03-31,30
16,MICHOACAN,19.5665,-101.7068,4825401,2020-04-30,385
16,MICHOACAN,19.5665,-101.7068,4825401,2020-05-31,1901
16,MICHOACAN,19.5665,-101.7068,4825401,2020-06-30,4352
16,MICHOACAN,19.5665,-101.7068,4825401,2020-07-31,4176
16,MICHOACAN,19.5665,-101.7068,4825401,2020-08-31,5717
16,MICHOACAN,19.5665,-101.7068,4825401,2020-09-30,5437
16,MICHOACAN,19.5665,-101.7068,4825401,2020-10-31,3920
16,MICHOACAN,19.5665,-101.7068,4825401,2020-11-30,3415
16,MICHOACAN,19.5665,-101.7068,4825401,2020-12-31,5157
16,MICHOACAN,19.5665,-101.7068,4825401,2021-01-31,7300
16,MICHOACAN,19.5665,-101.7068,4825401,2021-02-28,2575
16,MICHOACAN,19.5665,-101.7068,4825401,2021-03-31,1918
16,MICHOACAN,19.5665,-101.7068,4825401,2021-04-30,1640
16,MICHOACAN,19.5665,-101.7068,4825401,2021-05-31,946
16,MICHOACAN,19.5665,-101.7068,4825401,2021-06-30,495
16,MICHOACAN,19.5665,-101.7068,4825401,2021-07-31,4819
16,MICHOACAN,19.5665,-101.7068,4825401,2021-08-31,11254
16,MICHOACAN,19.5665,-101.7068,4825401,2021-09-30,5704
16,MICHOACAN,19.5665,-101.7068,4825401,2021-10-31,1541
16,MICHOACAN,19.5665,-101.7068,4825401,2021-11-30,534
16,MICHOACAN,19.5665,-101.7068,4825401,2021-12-31,451
16,MICHOACAN,19.5665,-101.7068,4825401,2022-01-31,14224
16,MICHOACAN,19.5665,-101.7068,4825401,2022-02-28,4991
16,MICHOACAN,19.5665,-101.7068,4825401,2022-03-31,637
16,MICHOACAN,19.5665,-101.7068,4825401,2022-04-30,130
16,MICHOACAN,19.5665,-101.7068,4825401,2022-05-31,232
16,MICHOACAN,19.5665,-101.7068,4825401,2022-06-30,1922
16,MICHOACAN,19.5665,-101.7068,4825401,2022-07-31,10114
16,MICHOACAN,19.5665,-101.7068,4825401,2022-08-31,3450
16,MICHOACAN,19.5665,-101.7068,4825401,2022-09-30,501
16,MICHOACAN,19.5665,-101.7068,4825401,2022-10-31,173
16,MICHOACAN,19.5665,-101.7068,4825401,2022-11-30,211
16,MICHOACAN,19.5665,-101.7068,4825401,2022-12-31,815
16,MICHOACAN,19.5665,-101.7068,4825401,2023-01-31,2500
16,MICHOACAN,19.5665,-101.7068,4825401,2023-02-28,1858
16,MICHOACAN,19.5665,-101.7068,4825401,2023-03-31,1920
16,MICHOACAN,19.5665,-101.7068,4825401,2023-04-30,579
16,MICHOACAN,19.5665,-101.7068,4825401,2023-05-31,401
16,MICHOACAN,19.5665,-101.7068,4825401,2023-06-30,66
17,MORELOS,18.6813,-99.1013,2044058,2020-02-29,0
17,MORELOS,18.6813,-99.1013,2044058,2020-03-31,22
17,MORELOS,18.6813,-99.1013,2044058,2020-04-30,536
17,MORELOS,18.6813,-99.1013,2044058,2020-05-31,1560
17,MORELOS,18.6813,-99.1013,2044058,2020-06-30,1395
17,MORELOS,18.6813,-99.1013,2044058,2020-07-31,1168
17,MORELOS,18.6813,-99.1013,2044058,2020-08-31,1147
17,MORELOS,18.6813,-99.1013,2044058,2020-09-30,784
17,MORELOS,18.6813,-99.1013,2044058,2020-10-31,978
17,MORELOS,18.6813,-99.1013,2044058,2020-11-30,1196
17,MORELOS,18.6813,-99.1013,2044058,2020-12-31,2651
17,MORELOS,18.6813,-99.1013,2044058,2021-01-31,10265
17,MORELOS,18.6813,-99.1013,2044058,2021-02-28,5537
17,MORELOS,18.6813,-99.1013,2044058,2021-03-31,3971
17,MORELOS,18.6813,-99.1013,2044058,2021-04-30,2391
17,MORELOS,18.6813,-99.1013,2044058,2021-05-31,1224
17,MORELOS,18.6813,-99.1013,2044058,2021-06-30,358
17,MORELOS,18.6813,-99.1013,2044058,2021-07-31,4039
17,MORELOS,18.6813,-99.1013,2044058,2021-08-31,5058
17,MORELOS,18.6813,-99.1013,2044058,2021-09-30,3844
17,MORELOS,18.6813,-99.1013,2044058,2021-10-31,1712
17,MORELOS,18.6813,-99.1013,2044058,2021-11-30,572
17,MORELOS,18.6813,-99.1013,2044058,2021-12-31,757
17,MORELOS,18.6813,-99.1013,2044058,2022-01-31,14133
17,MORELOS,18.6813,-99.1013,2044058,2022-02-28,4554
17,MORELOS,18.6813,-99.1013,2044058,2022-03-31,732
17,MORELOS,18.6813,-99.1013,2044058,2022-04-30,659
17,MORELOS,18.6813,-99.1013,2044058,2022-05-31,428
17,MORELOS,18.6813,-99.1013,2044058,2022-06-30,1852
17,MORELOS,18.6813,-99.1013,2044058,2022-07-31,12673
17,MORELOS,18.6813,-99.1013,2044058,2022-08-31,4562
17,MORELOS,18.6813,-99.1013,2044058,2022-09-30,745
17,MORELOS,18.6813,-99.1013,2044058,2022-10-31,304
17,MORELOS,18.6813,-99.1013,2044058,2022-11-30,437
17,MORELOS,18.6813,-99.1013,2044058,2022-12-31,2639
17,MORELOS,18.6813,-99.1013,2044058,2023-01-31,3669
17,MORELOS,18.6813,-99.1013,2044058,2023-02-28,1401
17,MORELOS,18.6813,-99.1013,2044058,2023-03-31,954
17,MORELOS,18.6813,-99.1013,2044058,2023-04-30,612
17,MORELOS,18.6813,-99.1013,2044058,2023-05-31,483
17,MORELOS,18.6813,-99.1013,2044058,2023-06-30,45
18,NAYARIT,21.7514,-104.8455,1288571,2020-02-29,0
18,NAYARIT,21.7514,-104.8455,1288571,2020-03-31,12
18,NAYARIT,21.7514,-104.8455,1288571,2020-04-30,116
18,NAYARIT,21.7514,-104.8455,1288571,2020-05-31,534
18,NAYARIT,21.7514,-104.8455,1288571,2020-06-30,1215
18,NAYARIT,21.7514,-104.8455,1288571,2020-07-31,1804
18,NAYARIT,21.7514,-104.8455,1288571,2020-08-31,1481
18,NAYARIT,21.7514,-104.8455,1288571,2020-09-30,1006
18,NAYARIT,21.7514,-104.8455,1288571,2020-10-31,664
18,NAYARIT,21.7514,-104.8455,1288571,2020-11-30,506
18,NAYARIT,21.7514,-104.8455,1288571,2020-12-31,678
18,NAYARIT,21.7514,-104.8455,1288571,2021-01-31,2127
18,NAYARIT,21.7514,-104.8455,1288571,2021-02-28,780
18,NAYARIT,21.7514,-104.8455,1288571,2021-03-31,444
18,NAYARIT,21.7514,-104.8455,1288571,2021-04-30,468
18,NAYARIT,21.7514,-104.8455,1288571,2021-05-31,429
18,NAYARIT,21.7514,-104.8455,1288571,2021-06-30,585
18,NAYARIT,21.7514,-104.8455,1288571,2021-07-31,7201
18,NAYARIT,21.7514,-104.8455,1288571,2021-08-31,9757
18,NAYARIT,21.7514,-104.8455,1288571,2021-09-30,3010
18,NAYARIT,21.7514,-104.8455,1288571,2021-10-31,1025
18,NAYARIT,21.7514,-104.8455,1288571,2021-11-30,363
18,NAYARIT,21.7514,-104.8455,1288571,2021-12-31,596
18,NAYARIT,21.7514,-104.8455,1288571,2022-01-31,18647
18,NAYARIT,21.7514,-104.8455,1288571,2022-02-28,4456
18,NAYARIT,21.7514,-104.8455,1288571,2022-03-31,484
18,NAYARIT,21.7514,-104.8455,1288571,2022-04-30,177
18,NAYARIT,21.7514,-104.8455,1288571,2022-05-31,425
18,NAYARIT,21.7514,-104.8455,1288571,2022-06-30,2995
18,NAYARIT,21.7514,-104.8455,1288571,2022-07-31,8010
18,NAYARIT,21.7514,-104.8455,1288571,2022-08-31,1650
18,NAYARIT,21.7514,-104.8455,1288571,2022-09-30,293
18,NAYARIT,21.7514,-104.8455,1288571,2022-10-31,162
18,NAYARIT,21.7514,-104.8455,1288571,2022-11-30,194
18,NAYARIT,21.7514,-104.8455,1288571,2022-12-31,810
18,NAYARIT,21.7514,-104.8455,1288571,2023-01-31,2057
18,NAYARIT,21.7514,-104.8455,1288571,2023-02-28,954
18,NAYARIT,21.7514,-104.8455,1288571,2023-03-31,643
18,NAYARIT,21.7514,-104.8455,1288571,2023-04-30,488
18,NAYARIT,21.7514,-104.8455,1288571,2023-05-31,419
18,NAYARIT,21.7514,-104.8455,1288571,2023-06-30,154
19,NUEVO LEON,25.5922,-99.9962,5610153,2020-02-29,0
19,NUEVO LEON,25.5922,-99.9962,5610153,2020-03-31,103
19,NUEVO LEON,25.5922,-99.9962,5610153,2020-04-30,336
19,NUEVO LEON,25.5922,-99.9962,5610153,2020-05-31,1373
19,NUEVO LEON,25.5922,-99.9962,5610153,2020-06-30,6160
19,NUEVO LEON,25.5922,-99.9962,5610153,2020-07-31,12703
19,NUEVO LEON,25.5922,-99.9962,5610153,2020-08-31,10501
19,NUEVO LEON,25.5922,-99.9962,5610153,2020-09-30,11171
19,NUEVO LEON,25.5922,-99.9962,5610153,2020-10-31,13256
19,NUEVO LEON,25.5922,-99.9962,5610153,2020-11-30,14402
19,NUEVO LEON,25.5922,-99.9962,5610153,2020-12-31,15556
19,NUEVO LEON,25.5922,-99.9962,5610153,2021-01-31,23211
19,NUEVO LEON,25.5922,-99.9962,5610153,2021-02-28,7213
19,NUEVO LEON,25.5922,-99.9962,5610153,2021-03-31,3659
19,NUEVO LEON,25.5922,-99.9962,5610153,2021-04-30,2117
19,NUEVO LEON,25.5922,-99.9962,5610153,2021-05-31,2394
19,NUEVO LEON,25.5922,-99.9962,5610153,2021-06-30,3493
19,NUEVO LEON,25.5922,-99.9962,5610153,2021-07-31,18131
19,NUEVO LEON,25.5922,-99.9962,5610153,2021-08-31,38297
19,NUEVO LEON,25.5922,-99.9962,5610153,2021-09-30,15057
19,NUEVO LEON,25.5922,-99.9962,5610153,2021-10-31,6804
19,NUEVO LEON,25.5922,-99.9962,5610153,2021-11-30,3684
19,NUEVO LEON,25.5922,-99.9962,5610153,2021-12-31,5040
19,NUEVO LEON,25.5922,-99.9962,5610153,2022-01-31,90416
19,NUEVO LEON,25.5922,-99.9962,5610153,2022-02-28,11380
19,NUEVO LEON,25.5922,-99.9962,5610153,2022-03-31,1253
19,NUEVO LEON,25.5922,-99.9962,5610153,2022-04-30,325
19,NUEVO LEON,25.5922,-99.9962,5610153,2022-05-31,2299
19,NUEVO LEON,25.5922,-99.9962,5610153,2022-06-30,20392
19,NUEVO LEON,25.5922,-99.9962,5610153,2022-07-31,47228
19,NUEVO LEON,25.5922,-99.9962,5610153,2022-08-31,10054
19,NUEVO LEON,25.5922,-99.9962,5610153,2022-09-30,2003
19,NUEVO LEON,25.5922,-99.9962,5610153,2022-10-31,574
19,NUEVO LEON,25.5922,-99.9962,5610153,2022-11-30,865
19,NUEVO LEON,25.5922,-99.9962,5610153,2022-12-31,4457
19,NUEVO LEON,25.5922,-99.9962,5610153,2023-01-31,7216
19,NUEVO LEON,25.5922,-99.9962,5610153,2023-02-28,7588
19,NUEVO LEON,25.5922,-99.9962,5610153,2023-03-31,5764
19,NUEVO LEON,25.5922,-99.9962,5610153,2023-04-30,2272
19,NUEVO LEON,25.5922,-99.9962,5610153,2023-05-31,1411
19,NUEVO LEON,25.5922,-99.9962,5610153,2023-06-30,293
20,OAXACA,17.0732,-96.7266,4143593,2020-02-29,0
20,OAXACA,17.0732,-96.7266,4143593,2020-03-31,29
20,OAXACA,17.0732,-96.7266,4143593,2020-04-30,183
20,OAXACA,17.0732,-96.7266,4143593,2020-05-31,1922
20,OAXACA,17.0732,-96.7266,4143593,2020-06-30,4795
20,OAXACA,17.0732,-96.7266,4143593,2020-07-31,5125
20,OAXACA,17.0732,-96.7266,4143593,2020-08-31,3105
20,OAXACA,17.0732,-96.7266,4143593,2020-09-30,3481
20,OAXACA,17.0732,-96.7266,4143593,2020-10-31,3395
20,OAXACA,17.0732,-96.7266,4143593,2020-11-30,2827
20,OAXACA,17.0732,-96.7266,4143593,2020-12-31,4876
20,OAXACA,17.0732,-96.7266,4143593,2021-01-31,7298
20,OAXACA,17.0732,-96.7266,4143593,2021-02-28,4402
20,OAXACA,17.0732,-96.7266,4143593,2021-03-31,3397
20,OAXACA,17.0732,-96.7266,4143593,2021-04-30,1647
20,OAXACA,17.0732,-96.7266,4143593,2021-05-31,1085
20,OAXACA,17.0732,-96.7266,4143593,2021-06-30,1426
20,OAXACA,17.0732,-96.7266,4143593,2021-07-31,9639
20,OAXACA,17.0732,-96.7266,4143593,2021-08-31,13534
20,OAXACA,17.0732,-96.7266,4143593,2021-09-30,6887
20,OAXACA,17.0732,-96.7266,4143593,2021-10-31,2698
20,OAXACA,17.0732,-96.7266,4143593,2021-11-30,1354
20,OAXACA,17.0732,-96.7266,4143593,2021-12-31,1052
20,OAXACA,17.0732,-96.7266,4143593,2022-01-31,23814
20,OAXACA,17.0732,-96.7266,4143593,2022-02-28,10299
20,OAXACA,17.0732,-96.7266,4143593,2022-03-31,1479
20,OAXACA,17.0732,-96.7266,4143593,2022-04-30,554
20,OAXACA,17.0732,-96.7266,4143593,2022-05-31,816
20,OAXACA,17.0732,-96.7266,4143593,2022-06-30,6305
20,OAXACA,17.0732,-96.7266,4143593,2022-07-31,15953
20,OAXACA,17.0732,-96.7266,4143593,2022-08-31,5525
20,OAXACA,17.0732,-96.7266,4143593,2022-09-30,610
20,OAXACA,17.0732,-96.7266,4143593,2022-10-31,244
20,OAXACA,17.0732,-96.7266,4143593,2022-11-30,324
20,OAXACA,17.0732,-96.7266,4143593,2022-12-31,1924
20,OAXACA,17.0732,-96.7266,4143593,2023-01-31,3622
20,OAXACA,17.0732,-96.7266,4143593,2023-02-28,1430
20,OAXACA,17.0732,-96.7266,4143593,2023-03-31,1489
20,OAXACA,17.0732,-96.7266,4143593,2023-04-30,1111
20,OAXACA,17.0732,-96.7266,4143593,2023-05-31,940
20,OAXACA,17.0732,-96.7266,4143593,2023-06-30,138
21,PUEBLA,19.0413,-98.2062,6604451,2020-02-29,0
21,PUEBLA,19.0413,-98.2062,6604451,2020-03-31,168
21,PUEBLA,19.0413,-98.2062,6604451,2020-04-30,775
21,PUEBLA,19.0413,-98.2062,6604451,2020-05-31,3066
21,PUEBLA,19.0413,-98.2062,6604451,2020-06-30,8880
21,PUEBLA,19.0413,-98.2062,6604451,2020-07-31,10053
21,PUEBLA,19.0413,-98.2062,6604451,2020-08-31,6435
21,PUEBLA,19.0413,-98.2062,6604451,2020-09-30,3926
21,PUEBLA,19.0413,-98.2062,6604451,2020-10-31,3839
21,PUEBLA,19.0413,-98.2062,6604451,2020-11-30,4672
21,PUEBLA,19.0413,-98.2062,6604451,2020-12-31,8914
21,PUEBLA,19.0413,-98.2062,6604451,2021-01-31,15385
21,PUEBLA,19.0413,-98.2062,6604451,2021-02-28,8009
21,PUEBLA,19.0413,-98.2062,6604451,2021-03-31,6315
21,PUEBLA,19.0413,-98.2062,6604451,2021-04-30,3621
21,PUEBLA,19.0413,-98.2062,6604451,2021-05-31,1588
21,PUEBLA,19.0413,-98.2062,6604451,2021-06-30,1011
21,PUEBLA,19.0413,-98.2062,6604451,2021-07-31,5515
21,PUEBLA,19.0413,-98.2062,6604451,2021-08-31,17033
21,PUEBLA,19.0413,-98.2062,6604451,2021-09-30,11340
21,PUEBLA,19.0413,-98.2062,6604451,2021-10-31,3742
21,PUEBLA,19.0413,-98.2062,6604451,2021-11-30,1781
21,PUEBLA,19.0413,-98.2062,6604451,2021-12-31,1101
21,PUEBLA,19.0413,-98.2062,6604451,2022-01-31,24154
21,PUEBLA,19.0413,-98.2062,6604451,2022-02-28,15122
21,PUEBLA,19.0413,-98.2062,6604451,2022-03-31,2825
21,PUEBLA,19.0413,-98.2062,6604451,2022-04-30,582
21,PUEBLA,19.0413,-98.2062,6604451,2022-05-31,559
21,PUEBLA,19.0413,-98.2062,6604451,2022-06-30,5674
21,PUEBLA,19.0413,-98.2062,6604451,2022-07-31,23600
21,PUEBLA,19.0413,-98.2062,6604451,2022-08-31,7481
21,PUEBLA,19.0413,-98.2062,6604451,2022-09-30,974
21,PUEBLA,19.0413,-98.2062,6604451,2022-10-31,410
21,PUEBLA,19.0413,-98.2062,6604451,2022-11-30,809
21,PUEBLA,19.0413,-98.2062,6604451,2022-12-31,2714
21,PUEBLA,19.0413,-98.2062,6604451,2023-01-31,4975
21,PUEBLA,19.0413,-98.2062,6604451,2023-02-28,3518
21,PUEBLA,19.0413,-98.2062,6604451,2023-03-31,3440
21,PUEBLA,19.0413,-98.2062,6604451,2023-04-30,1304
21,PUEBLA,19.0413,-98.2062,6604451,2023-05-31,729
21,PUEBLA,19.0413,-98.2062,6604451,2023-06-30,196
22,QUERETARO,20.5888,-100.3899,2279637,2020-02-29,0
22,QUERETARO,20.5888,-100.3899,2279637,2020-03-31,38
22,QUERETARO,20.5888,-100.3899,2279637,2020-04-30,139
22,QUERETARO,20.5888,-100.3899,2279637,2020-05-31,892
22,QUERETARO,20.5888,-100.3899,2279637,2020-06-30,1193
22,QUERETARO,20.5888,-100.3899,2279637,2020-07-31,1936
22,QUERETARO,20.5888,-100.3899,2279637,2020-08-31,2705
22,QUERETARO,20.5888,-100.3899,2279637,2020-09-30,2613
22,QUERETARO,20.5888,-100.3899,2279637,2020-10-31,5048
22,QUERETARO,20.5888,-100.3899,2279637,2020-11-30,8746
22,QUERETARO,20.5888,-100.3899,2279637,2020-12-31,11025
22,QUERETARO,20.5888,-100.3899,2279637,2021-01-31,15094
22,QUERETARO,20.5888,-100.3899,2279637,2021-02-28,7952
22,QUERETARO,20.5888,-100.3899,2279637,2021-03-31,6466
22,QUERETARO,20.5888,-100.3899,2279637,2021-04-30,3318
22,QUERETARO,20.5888,-100.3899,2279637,2021-05-31,1149
22,QUERETARO,20.5888,-100.3899,2279637,2021-06-30,597
22,QUERETARO,20.5888,-100.3899,2279637,2021-07-31,5187
22,QUERETARO,20.5888,-100.3899,2279637,2021-08-31,12641
22,QUERETARO,20.5888,-100.3899,2279637,2021-09-30,7277
22,QUERETARO,20.5888,-100.3899,2279637,2021-10-31,3200
22,QUERETARO,20.5888,-100.3899,2279637,2021-11-30,1864
22,QUERETARO,20.5888,-100.3899,2279637,2021-12-31,1616
22,QUERETARO,20.5888,-100.3899,2279637,2022-01-31,33208
22,QUERETARO,20.5888,-100.3899,2279637,2022-02-28,7603
22,QUERETARO,20.5888,-100.3899,2279637,2022-03-31,1378
22,QUERETARO,20.5888,-100.3899,2279637,2022-04-30,247
22,QUERETARO,20.5888,-100.3899,2279637,2022-05-31,528
22,QUERETARO,20.5888,-100.3899,2279637,2022-06-30,5505
22,QUERETARO,20.5888,-100.3899,2279637,2022-07-31,22204
22,QUERETARO,20.5888,-100.3899,2279637,2022-08-31,5146
22,QUERETARO,20.5888,-100.3899,2279637,2022-09-30,634
22,QUERETARO,20.5888,-100.3899,2279637,2022-10-31,199
22,QUERETARO,20.5888,-100.3899,2279637,2022-11-30,360
22,QUERETARO,20.5888,-100.3899,2279637,2022-12-31,2409
22,QUERETARO,20.5888,-100.3899,2279637,2023-01-31,3429
22,QUERETARO,20.5888,-100.3899,2279637,2023-02-28,1640
22,QUERETARO,20.5888,-100.3899,2279637,2023-03-31,2063
22,QUERETARO,20.5888,-100.3899,2279637,2023-04-30,1263
22,QUERETARO,20.5888,-100.3899,2279637,2023-05-31,1079
22,QUERETARO,20.5888,-100.3899,2279637,2023-06-30,260
23,QUINTANA ROO,19.1817,-88.4791,1723259,2020-02-29,0
23,QUINTANA ROO,19.1817,-88.4791,1723259,2020-03-31,113
23,QUINTANA ROO,19.1817,-88.4791,1723259,2020-04-30,862
23,QUINTANA ROO,19.1817,-88.4791,1723259,2020-05-31,1112
23,QUINTANA ROO,19.1817,-88.4791,1723259,2020-06-30,2079
23,QUINTANA ROO,19.1817,-88.4791,1723259,2020-07-31,4207
23,QUINTANA ROO,19.1817,-88.4791,1723259,2020-08-31,2466
23,QUINTANA ROO,19.1817,-88.4791,1723259,2020-09-30,1522
23,QUINTANA ROO,19.1817,-88.4791,1723259,2020-10-31,1229
23,QUINTANA ROO,19.1817,-88.4791,1723259,2020-11-30,935
23,QUINTANA ROO,19.1817,-88.4791,1723259,2020-12-31,1590
23,QUINTANA ROO,19.1817,-88.4791,1723259,2021-01-31,2834
23,QUINTANA ROO,19.1817,-88.4791,1723259,2021-02-28,1278
23,QUINTANA ROO,19.1817,-88.4791,1723259,2021-03-31,1156
23,QUINTANA ROO,19.1817,-88.4791,1723259,2021-04-30,2083
23,QUINTANA ROO,19.1817,-88.4791,1723259,2021-05-31,4018
23,QUINTANA ROO,19.1817,-88.4791,1723259,2021-06-30,6128
23,QUINTANA ROO,19.1817,-88.4791,1723259,2021-07-31,11231
23,QUINTANA ROO,19.1817,-88.4791,1723259,2021-08-31,10048
23,QUINTANA ROO,19.1817,-88.4791,1723259,2021-09-30,3227
23,QUINTANA ROO,19.1817,-88.4791,1723259,2021-10-31,1317
23,QUINTANA ROO,19.1817,-88.4791,1723259,2021-11-30,344
23,QUINTANA ROO,19.1817,-88.4791,1723259,2021-12-31,3839
23,QUINTANA ROO,19.1817,-88.4791,1723259,2022-01-31,26247
23,QUINTANA ROO,19.1817,-88.4791,1723259,2022-02-28,1394
23,QUINTANA ROO,19.1817,-88.4791,1723259,2022-03-31,335
23,QUINTANA ROO,19.1817,-88.4791,1723259,2022-04-30,352
23,QUINTANA ROO,19.1817,-88.4791,1723259,2022-05-31,897
23,QUINTANA ROO,19.1817,-88.4791,1723259,2022-06-30,11892
23,QUINTANA ROO,19.1817,-88.4791,1723259,2022-07-31,7725
23,QUINTANA ROO,19.1817,-88.4791,1723259,2022-08-31,933
23,QUINTANA ROO,19.1817,-88.4791,1723259,2022-09-30,350
23,QUINTANA ROO,19.1817,-88.4791,1723259,2022-10-31,207
23,QUINTANA ROO,19.1817,-88.4791,1723259,2022-11-30,2118
23,QUINTANA ROO,19.1817,-88.4791,1723259,2022-12-31,3685
23,QUINTANA ROO,19.1817,-88.4791,1723259,2023-01-31,955
23,QUINTANA ROO,19.1817,-88.4791,1723259,2023-02-28,444
23,QUINTANA ROO,19.1817,-88.4791,1723259,2023-03-31,426
23,QUINTANA ROO,19.1817,-88.4791,1723259,2023-04-30,570
23,QUINTANA ROO,19.1817,-88.4791,1723259,2023-05-31,1238
23,QUINTANA ROO,19.1817,-88.4791,1723259,2023-06-30,396
24,SAN LUIS POTOSI,22.1565,-100.9855,2866142,2020-02-29,0
24,SAN LUIS POTOSI,22.1565,-100.9855,2866142,2020-03-31,44
24,SAN LUIS POTOSI,22.1565,-100.9855,2866142,2020-04-30,122
24,SAN LUIS POTOSI,22.1565,-100.9855,2866142,2020-05-31,880
24,SAN LUIS POTOSI,22.1565,-100.9855,2866142,2020-06-30,2563
24,SAN LUIS POTOSI,22.1565,-100.9855,2866142,2020-07-31,8617
24,SAN LUIS POTOSI,22.1565,-100.9855,2866142,2020-08-31,7490
24,SAN LUIS POTOSI,22.1565,-100.9855,2866142,2020-09-30,4806
24,SAN LUIS POTOSI,22.1565,-100.9855,2866142,2020-10-31,5866
24,SAN LUIS POTOSI,22.1565,-100.9855,2866142,2020-11-30,6036
24,SAN LUIS POTOSI,22.1565,-100.9855,2866142,2020-12-31,5707
24,SAN LUIS POTOSI,22.1565,-100.9855,2866142,2021-01-31,11287
24,SAN LUIS POTOSI,22.1565,-100.9855,2866142,2021-02-28,4749
24,SAN LUIS POTOSI,22.1565,-100.9855,2866142,2021-03-31,3071
24,SAN LUIS POTOSI,22.1565,-100.9855,2866142,2021-04-30,2163
24,SAN LUIS POTOSI,22.1565,-100.9855,2866142,2021-05-31,1358
24,SAN LUIS POTOSI,22.1565,-100.9855,2866142,2021-06-30,1219
24,SAN LUIS POTOSI,22.1565,-100.9855,2866142,2021-07-31,6580
24,SAN LUIS POTOSI,22.1565,-100.9855,2866142,2021-08-31,19837
24,SAN LUIS POTOSI,22.1565,-100.9855,2866142,2021-09-30,7857
24,SAN LUIS POTOSI,22.1565,-100.9855,2866142,2021-10-31,3429
24,SAN LUIS POTOSI,22.1565,-100.9855,2866142,2021-11-30,2296
24,SAN LUIS POTOSI,22.1565,-100.9855,2866142,2021-12-31,4257
24,SAN LUIS POTOSI,22.1565,-100.9855,2866142,2022-01-31,68911
24,SAN LUIS POTOSI,22.1565,-100.9855,2866142,2022-02-28,7051
24,SAN LUIS POTOSI,22.1565,-100.9855,2866142,2022-03-31,966
24,SAN LUIS POTOSI,22.1565,-100.9855,2866142,2022-04-30,419
24,SAN LUIS POTOSI,22.1565,-100.9855,2866142,2022-05-31,816
24,SAN LUIS POTOSI,22.1565,-100.9855,2866142,2022-06-30,8403
24,SAN LUIS POTOSI,22.1565,-100.9855,2866142,2022-07-31,33968
24,SAN LUIS POTOSI,22.1565,-100.9855,2866142,2022-08-31,9955
24,SAN LUIS POTOSI,22.1565,-100.9855,2866142,2022-09-30,1841
24,SAN LUIS POTOSI,22.1565,-100.9855,2866142,2022-10-31,424
24,SAN LUIS POTOSI,22.1565,-100.9855,2866142,2022-11-30,781
24,SAN LUIS POTOSI,22.1565,-100.9855,2866142,2022-12-31,3001
24,SAN LUIS POTOSI,22.1565,-100.9855,2866142,2023-01-31,3898
24,SAN LUIS POTOSI,22.1565,-100.9855,2866142,2023-02-28,1778
24,SAN LUIS POTOSI,22.1565,-100.9855,2866142,2023-03-31,1709
24,SAN LUIS POTOSI,22.1565,-100.9855,2866142,2023-04-30,995
24,SAN LUIS POTOSI,22.1565,-100.9855,2866142,2023-05-31,1187
24,SAN LUIS POTOSI,22.1565,-100.9855,2866142,2023-06-30,368
25,SINALOA,24.8044,-107.4937,3156674,2020-02-29,0
25,SINALOA,24.8044,-107.4937,3156674,2020-03-31,88
25,SINALOA,24.8044,-107.4937,3156674,2020-04-30,1227
25,SINALOA,24.8044,-107.4937,3156674,2020-05-31,3139
25,SINALOA,24.8044,-107.4937,3156674,2020-06-30,5506
25,SINALOA,24.8044,-107.4937,3156674,2020-07-31,4377
25,SINALOA,24.8044,-107.4937,3156674,2020-08-31,3289
25,SINALOA,24.8044,-107.4937,3156674,2020-09-30,2751
25,SINALOA,24.8044,-107.4937,3156674,2020-10-31,2769
25,SINALOA,24.8044,-107.4937,3156674,2020-11-30,2227
25,SINALOA,24.8044,-107.4937,3156674,2020-12-31,2289
25,SINALOA,24.8044,-107.4937,3156674,2021-01-31,4480
25,SINALOA,24.8044,-107.4937,3156674,2021-02-28,2491
25,SINALOA,24.8044,-107.4937,3156674,2021-03-31,2056
25,SINALOA,24.8044,-107.4937,3156674,2021-04-30,1526
25,SINALOA,24.8044,-107.4937,3156674,2021-05-31,1328
25,SINALOA,24.8044,-107.4937,3156674,2021-06-30,3817
25,SINALOA,24.8044,-107.4937,3156674,2021-07-31,16992
25,SINALOA,24.8044,-107.4937,3156674,2021-08-31,8584
25,SINALOA,24.8044,-107.4937,3156674,2021-09-30,3055
25,SINALOA,24.8044,-107.4937,3156674,2021-10-31,1570
25,SINALOA,24.8044,-107.4937,3156674,2021-11-30,1054
25,SINALOA,24.8044,-107.4937,3156674,2021-12-31,1733
25,SINALOA,24.8044,-107.4937,3156674,2022-01-31,36040
25,SINALOA,24.8044,-107.4937,3156674,2022-02-28,8078
25,SINALOA,24.8044,-107.4937,3156674,2022-03-31,1506
25,SINALOA,24.8044,-107.4937,3156674,2022-04-30,524
25,SINALOA,24.8044,-107.4937,3156674,2022-05-31,2360
25,SINALOA,24.8044,-107.4937,3156674,2022-06-30,18636
25,SINALOA,24.8044,-107.4937,3156674,2022-07-31,25495
25,SINALOA,24.8044,-107.4937,3156674,2022-08-31,6035
25,SINALOA,24.8044,-107.4937,3156674,2022-09-30,1400
25,SINALOA,24.8044,-107.4937,3156674,2022-10-31,254
25,SINALOA,24.8044,-107.4937,3156674,2022-11-30,261
25,SINALOA,24.8044,-107.4937,3156674,2022-12-31,2141
25,SINALOA,24.8044,-107.4937,3156674,2023-01-31,1717
25,SINALOA,24.8044,-107.4937,3156674,2023-02-28,1185
25,SINALOA,24.8044,-107.4937,3156674,2023-03-31,1316
25,SINALOA,24.8044,-107.4937,3156674,2023-04-30,997
25,SINALOA,24.8044,-107.4937,3156674,2023-05-31,916
25,SINALOA,24.8044,-107.4937,3156674,2023-06-30,140
26,SONORA,29.0729,-110.9559,3074745,2020-02-29,0
26,SONORA,29.0729,-110.9559,3074745,2020-03-31,37
26,SONORA,29.0729,-110.9559,3074745,2020-04-30,411
26,SONORA,29.0729,-110.9559,3074745,2020-05-31,3661
26,SONORA,29.0729,-110.9559,3074745,2020-06-30,8343
26,SONORA,29.0729,-110.9559,3074745,2020-07-31,11777
26,SONORA,29.0729,-110.9559,3074745,2020-08-31,7284
26,SONORA,29.0729,-110.9559,3074745,2020-09-30,4364
26,SONORA,29.0729,-110.9559,3074745,2020-10-31,4130
26,SONORA,29.0729,-110.9559,3074745,2020-11-30,6071
26,SONORA,29.0729,-110.9559,3074745,2020-12-31,10622
26,SONORA,29.0729,-110.9559,3074745,2021-01-31,8497
26,SONORA,29.0729,-110.9559,3074745,2021-02-28,3122
26,SONORA,29.0729,-110.9559,3074745,2021-03-31,2904
26,SONORA,29.0729,-110.9559,3074745,2021-04-30,2367
26,SONORA,29.0729,-110.9559,3074745,2021-05-31,1938
26,SONORA,29.0729,-110.9559,3074745,2021-06-30,4578
26,SONORA,29.0729,-110.9559,3074745,2021-07-31,9536
26,SONORA,29.0729,-110.9559,3074745,2021-08-31,11920
26,SONORA,29.0729,-110.9559,3074745,2021-09-30,6291
26,SONORA,29.0729,-110.9559,3074745,2021-10-31,3742
26,SONORA,29.0729,-110.9559,3074745,2021-11-30,5782
26,SONORA,29.0729,-110.9559,3074745,2021-12-31,5717
26,SONORA,29.0729,-110.9559,3074745,2022-01-31,33295
26,SONORA,29.0729,-110.9559,3074745,2022-02-28,7780
26,SONORA,29.0729,-110.9559,3074745,2022-03-31,981
26,SONORA,29.0729,-110.9559,3074745,2022-04-30,212
26,SONORA,29.0729,-110.9559,3074745,2022-05-31,290
26,SONORA,29.0729,-110.9559,3074745,2022-06-30,6548
26,SONORA,29.0729,-110.9559,3074745,2022-07-31,16395
26,SONORA,29.0729,-110.9559,3074745,2022-08-31,4867
26,SONORA,29.0729,-110.9559,3074745,2022-09-30,1376
26,SONORA,29.0729,-110.9559,3074745,2022-10-31,447
26,SONORA,29.0729,-110.9559,3074745,2022-11-30,1324
26,SONORA,29.0729,-110.9559,3074745,2022-12-31,2540
26,SONORA,29.0729,-110.9559,3074745,2023-01-31,1252
26,SONORA,29.0729,-110.9559,3074745,2023-02-28,673
26,SONORA,29.0729,-110.9559,3074745,2023-03-31,1630
26,SONORA,29.0729,-110.9559,3074745,2023-04-30,1780
26,SONORA,29.0729,-110.9559,3074745,2023-05-31,1122
26,SONORA,29.0729,-110.9559,3074745,2023-06-30,127
27,TABASCO,17.8409,-92.6189,2572287,2020-02-29,0
27,TABASCO,17.8409,-92.6189,2572287,2020-03-31,75
27,TABASCO,17.8409,-92.6189,2572287,2020-04-30,1179
27,TABASCO,17.8409,-92.6189,2572287,2020-05-31,3535
27,TABASCO,17.8409,-92.6189,2572287,2020-06-30,7436
27,TABASCO,17.8409,-92.6189,2572287,2020-07-31,10991
27,TABASCO,17.8409,-92.6189,2572287,2020-08-31,5707
27,TABASCO,17.8409,-92.6189,2572287,2020-09-30,3457
27,TABASCO,17.8409,-92.6189,2572287,2020-10-31,2198
27,TABASCO,17.8409,-92.6189,2572287,2020-11-30,3081
27,TABASCO,17.8409,-92.6189,2572287,2020-12-31,7072
27,TABASCO,17.8409,-92.6189,2572287,2021-01-31,8205
27,TABASCO,17.8409,-92.6189,2572287,2021-02-28,4096
27,TABASCO,17.8409,-92.6189,2572287,2021-03-31,3627
27,TABASCO,17.8409,-92.6189,2572287,2021-04-30,3557
27,TABASCO,17.8409,-92.6189,2572287,2021-05-31,4320
27,TABASCO,17.8409,-92.6189,2572287,2021-06-30,8550
27,TABASCO,17.8409,-92.6189,2572287,2021-07-31,11212
27,TABASCO,17.8409,-92.6189,2572287,2021-08-31,27408
27,TABASCO,17.8409,-92.6189,2572287,2021-09-30,18881
27,TABASCO,17.8409,-92.6189,2572287,2021-10-31,6699
27,TABASCO,17.8409,-92.6189,2572287,2021-11-30,1311
27,TABASCO,17.8409,-92.6189,2572287,2021-12-31,1045
27,TABASCO,17.8409,-92.6189,2572287,2022-01-31,40122
27,TABASCO,17.8409,-92.6189,2572287,2022-02-28,4426
27,TABASCO,17.8409,-92.6189,2572287,2022-03-31,436
27,TABASCO,17.8409,-92.6189,2572287,2022-04-30,111
27,TABASCO,17.8409,-92.6189,2572287,2022-05-31,253
27,TABASCO,17.8409,-92.6189,2572287,2022-06-30,4759
27,TABASCO,17.8409,-92.6189,2572287,2022-07-31,17385
27,TABASCO,17.8409,-92.6189,2572287,2022-08-31,1900
27,TABASCO,17.8409,-92.6189,2572287,2022-09-30,312
27,TABASCO,17.8409,-92.6189,2572287,2022-10-31,76
27,TABASCO,17.8409,-92.6189,2572287,2022-11-30,498
27,TABASCO,17.8409,-92.6189,2572287,2022-12-31,6256
27,TABASCO,17.8409,-92.6189,2572287,2023-01-31,1175
27,TABASCO,17.8409,-92.6189,2572287,2023-02-28,104
27,TABASCO,17.8409,-92.6189,2572287,2023-03-31,64
27,TABASCO,17.8409,-92.6189,2572287,2023-04-30,86
27,TABASCO,17.8409,-92.6189,2572287,2023-05-31,212
27,TABASCO,17.8409,-92.6189,2572287,2023-06-30,246
28,TAMAULIPAS,23.7417,-99.1456,3650602,2020-02-29,0
28,TAMAULIPAS,23.7417,-99.1456,3650602,2020-03-31,24
28,TAMAULIPAS,23.7417,-99.1456,3650602,2020-04-30,557
28,TAMAULIPAS,23.7417,-99.1456,3650602,2020-05-31,1741
28,TAMAULIPAS,23.7417,-99.1456,3650602,2020-06-30,6388
28,TAMAULIPAS,23.7417,-99.1456,3650602,2020-07-31,10730
28,TAMAULIPAS,23.7417,-99.1456,3650602,2020-08-31,6159
28,TAMAULIPAS,23.7417,-99.1456,3650602,2020-09-30,4370
28,TAMAULIPAS,23.7417,-99.1456,3650602,2020-10-31,3333
28,TAMAULIPAS,23.7417,-99.1456,3650602,2020-11-30,3701
28,TAMAULIPAS,23.7417,-99.1456,3650602,2020-12-31,5163
28,TAMAULIPAS,23.7417,-99.1456,3650602,2021-01-31,8115
28,TAMAULIPAS,23.7417,-99.1456,3650602,2021-02-28,2710
28,TAMAULIPAS,23.7417,-99.1456,3650602,2021-03-31,1914
28,TAMAULIPAS,23.7417,-99.1456,3650602,2021-04-30,1910
28,TAMAULIPAS,23.7417,-99.1456,3650602,2021-05-31,3240
28,TAMAULIPAS,23.7417,-99.1456,3650602,2021-06-30,6477
28,TAMAULIPAS,23.7417,-99.1456,3650602,2021-07-31,7653
28,TAMAULIPAS,23.7417,-99.1456,3650602,2021-08-31,14845
28,TAMAULIPAS,23.7417,-99.1456,3650602,2021-09-30,9494
28,TAMAULIPAS,23.7417,-99.1456,3650602,2021-10-31,3299
28,TAMAULIPAS,23.7417,-99.1456,3650602,2021-11-30,1515
28,TAMAULIPAS,23.7417,-99.1456,3650602,2021-12-31,2522
28,TAMAULIPAS,23.7417,-99.1456,3650602,2022-01-31,34494
28,TAMAULIPAS,23.7417,-99.1456,3650602,2022-02-28,5050
28,TAMAULIPAS,23.7417,-99.1456,3650602,2022-03-31,960
28,TAMAULIPAS,23.7417,-99.1456,3650602,2022-04-30,269
28,TAMAULIPAS,23.7417,-99.1456,3650602,2022-05-31,563
28,TAMAULIPAS,23.7417,-99.1456,3650602,2022-06-30,7396
28,TAMAULIPAS,23.7417,-99.1456,3650602,2022-07-31,17236
28,TAMAULIPAS,23.7417,-99.1456,3650602,2022-08-31,4462
28,TAMAULIPAS,23.7417,-99.1456,3650602,2022-09-30,1073
28,TAMAULIPAS,23.7417,-99.1456,3650602,2022-10-31,251
28,TAMAULIPAS,23.7417,-99.1456,3650602,2022-11-30,430
28,TAMAULIPAS,23.7417,-99.1456,3650602,2022-12-31,2393
28,TAMAULIPAS,23.7417,-99.1456,3650602,2023-01-31,1750
28,TAMAULIPAS,23.7417,-99.1456,3650602,2023-02-28,791
28,TAMAULIPAS,23.7417,-99.1456,3650602,2023-03-31,1025
28,TAMAULIPAS,23.7417,-99.1456,3650602,2023-04-30,1610
28,TAMAULIPAS,23.7417,-99.1456,3650602,2023-05-31,1417
28,TAMAULIPAS,23.7417,-99.1456,3650602,2023-06-30,290
29,TLAXCALA,19.3182,-98.2375,1380011,2020-02-29,0
29,TLAXCALA,19.3182,-98.2375,1380011,2020-03-31,12
29,TLAXCALA,19.3182,-98.2375,1380011,2020-04-30,253
29,TLAXCALA,19.3182,-98.2375,1380011,2020-05-31,969
29,TLAXCALA,19.3182,-98.2375,1380011,2020-06-30,1703
29,TLAXCALA,19.3182,-98.2375,1380011,2020-07-31,2401
29,TLAXCALA,19.3182,-98.2375,1380011,2020-08-31,1621
29,TLAXCALA,19.3182,-98.2375,1380011,2020-09-30,965
29,TLAXCALA,19.3182,-98.2375,1380011,2020-10-31,710
29,TLAXCALA,19.3182,-98.2375,1380011,2020-11-30,1016
29,TLAXCALA,19.3182,-98.2375,1380011,2020-12-31,2213
29,TLAXCALA,19.3182,-98.2375,1380011,2021-01-31,3861
29,TLAXCALA,19.3182,-98.2375,1380011,2021-02-28,1817
29,TLAXCALA,19.3182,-98.2375,1380011,2021-03-31,1365
29,TLAXCALA,19.3182,-98.2375,1380011,2021-04-30,794
29,TLAXCALA,19.3182,-98.2375,1380011,2021-05-31,358
29,TLAXCALA,19.3182,-98.2375,1380011,2021-06-30,158
29,TLAXCALA,19.3182,-98.2375,1380011,2021-07-31,1230
29,TLAXCALA,19.3182,-98.2375,1380011,2021-08-31,4335
29,TLAXCALA,19.3182,-98.2375,1380011,2021-09-30,2728
29,TLAXCALA,19.3182,-98.2375,1380011,2021-10-31,729
29,TLAXCALA,19.3182,-98.2375,1380011,2021-11-30,220
29,TLAXCALA,19.3182,-98.2375,1380011,2021-12-31,275
29,TLAXCALA,19.3182,-98.2375,1380011,2022-01-31,8028
29,TLAXCALA,19.3182,-98.2375,1380011,2022-02-28,5126
29,TLAXCALA,19.3182,-98.2375,1380011,2022-03-31,814
29,TLAXCALA,19.3182,-98.2375,1380011,2022-04-30,137
29,TLAXCALA,19.3182,-98.2375,1380011,2022-05-31,144
29,TLAXCALA,19.3182,-98.2375,1380011,2022-06-30,1117
29,TLAXCALA,19.3182,-98.2375,1380011,2022-07-31,8412
29,TLAXCALA,19.3182,-98.2375,1380011,2022-08-31,2676
29,TLAXCALA,19.3182,-98.2375,1380011,2022-09-30,240
29,TLAXCALA,19.3182,-98.2375,1380011,2022-10-31,97
29,TLAXCALA,19.3182,-98.2375,1380011,2022-11-30,67
29,TLAXCALA,19.3182,-98.2375,1380011,2022-12-31,698
29,TLAXCALA,19.3182,-98.2375,1380011,2023-01-31,1686
29,TLAXCALA,19.3182,-98.2375,1380011,2023-02-28,1180
29,TLAXCALA,19.3182,-98.2375,1380011,2023-03-31,1128
29,TLAXCALA,19.3182,-98.2375,1380011,2023-04-30,345
29,TLAXCALA,19.3182,-98.2375,1380011,2023-05-31,264
29,TLAXCALA,19.3182,-98.2375,1380011,2023-06-30,62
30,VERACRUZ,19.1738,-96.1342,8539862,2020-02-29,0
30,VERACRUZ,19.1738,-96.1342,8539862,2020-03-31,53
30,VERACRUZ,19.1738,-96.1342,8539862,2020-04-30,874
30,VERACRUZ,19.1738,-96.1342,8539862,2020-05-31,4296
30,VERACRUZ,19.1738,-96.1342,8539862,2020-06-30,7298
30,VERACRUZ,19.1738,-96.1342,8539862,2020-07-31,11376
30,VERACRUZ,19.1738,-96.1342,8539862,2020-08-31,6485
30,VERACRUZ,19.1738,-96.1342,8539862,2020-09-30,4762
30,VERACRUZ,19.1738,-96.1342,8539862,2020-10-31,3318
30,VERACRUZ,19.1738,-96.1342,8539862,2020-11-30,2741
30,VERACRUZ,19.1738,-96.1342,8539862,2020-12-31,3662
30,VERACRUZ,19.1738,-96.1342,8539862,2021-01-31,7819
30,VERACRUZ,19.1738,-96.1342,8539862,2021-02-28,3598
30,VERACRUZ,19.1738,-96.1342,8539862,2021-03-31,2525
30,VERACRUZ,19.1738,-96.1342,8539862,2021-04-30,1696
30,VERACRUZ,19.1738,-96.1342,8539862,2021-05-31,1794
30,VERACRUZ,19.1738,-96.1342,8539862,2021-06-30,4328
30,VERACRUZ,19.1738,-96.1342,8539862,2021-07-31,17784
30,VERACRUZ,19.1738,-96.1342,8539862,2021-08-31,24979
30,VERACRUZ,19.1738,-96.1342,8539862,2021-09-30,11175
30,VERACRUZ,19.1738,-96.1342,8539862,2021-10-31,3146
30,VERACRUZ,19.1738,-96.1342,8539862,2021-11-30,943
30,VERACRUZ,19.1738,-96.1342,8539862,2021-12-31,1068
30,VERACRUZ,19.1738,-96.1342,8539862,2022-01-31,31422
30,VERACRUZ,19.1738,-96.1342,8539862,2022-02-28,17515
30,VERACRUZ,19.1738,-96.1342,8539862,2022-03-31,4270
30,VERACRUZ,19.1738,-96.1342,8539862,2022-04-30,936
30,VERACRUZ,19.1738,-96.1342,8539862,2022-05-31,1079
30,VERACRUZ,19.1738,-96.1342,8539862,2022-06-30,10667
30,VERACRUZ,19.1738,-96.1342,8539862,2022-07-31,27509
30,VERACRUZ,19.1738,-96.1342,8539862,2022-08-31,4322
30,VERACRUZ,19.1738,-96.1342,8539862,2022-09-30,905
30,VERACRUZ,19.1738,-96.1342,8539862,2022-10-31,402
30,VERACRUZ,19.1738,-96.1342,8539862,2022-11-30,446
30,VERACRUZ,19.1738,-96.1342,8539862,2022-12-31,3628
30,VERACRUZ,19.1738,-96.1342,8539862,2023-01-31,4637
30,VERACRUZ,19.1738,-96.1342,8539862,2023-02-28,1784
30,VERACRUZ,19.1738,-96.1342,8539862,2023-03-31,2109
30,VERACRUZ,19.1738,-96.1342,8539862,2023-04-30,1832
30,VERACRUZ,19.1738,-96.1342,8539862,2023-05-31,1450
30,VERACRUZ,19.1738,-96.1342,8539862,2023-06-30,426
31,YUCATAN,20.7099,-89.0943,2259098,2020-02-29,0
31,YUCATAN,20.7099,-89.0943,2259098,2020-03-31,75
31,YUCATAN,20.7099,-89.0943,2259098,2020-04-30,595
31,YUCATAN,20.7099,-89.0943,2259098,2020-05-31,1385
31,YUCATAN,20.7099,-89.0943,2259098,2020-06-30,2852
31,YUCATAN,20.7099,-89.0943,2259098,2020-07-31,5955
31,YUCATAN,20.7099,-89.0943,2259098,2020-08-31,4593
31,YUCATAN,20.7099,-89.0943,2259098,2020-09-30,3452
31,YUCATAN,20.7099,-89.0943,2259098,2020-10-31,2860
31,YUCATAN,20.7099,-89.0943,2259098,2020-11-30,2420
31,YUCATAN,20.7099,-89.0943,2259098,2020-12-31,2645
31,YUCATAN,20.7099,-89.0943,2259098,2021-01-31,3335
31,YUCATAN,20.7099,-89.0943,2259098,2021-02-28,2514
31,YUCATAN,20.7099,-89.0943,2259098,2021-03-31,2459
31,YUCATAN,20.7099,-89.0943,2259098,2021-04-30,1962
31,YUCATAN,20.7099,-89.0943,2259098,2021-05-31,2791
31,YUCATAN,20.7099,-89.0943,2259098,2021-06-30,7288
31,YUCATAN,20.7099,-89.0943,2259098,2021-07-31,7056
31,YUCATAN,20.7099,-89.0943,2259098,2021-08-31,7872
31,YUCATAN,20.7099,-89.0943,2259098,2021-09-30,7809
31,YUCATAN,20.7099,-89.0943,2259098,2021-10-31,3113
31,YUCATAN,20.7099,-89.0943,2259098,2021-11-30,1412
31,YUCATAN,20.7099,-89.0943,2259098,2021-12-31,1806
31,YUCATAN,20.7099,-89.0943,2259098,2022-01-31,27720
31,YUCATAN,20.7099,-89.0943,2259098,2022-02-28,3926
31,YUCATAN,20.7099,-89.0943,2259098,2022-03-31,559
31,YUCATAN,20.7099,-89.0943,2259098,2022-04-30,515
31,YUCATAN,20.7099,-89.0943,2259098,2022-05-31,1754
31,YUCATAN,20.7099,-89.0943,2259098,2022-06-30,10985
31,YUCATAN,20.7099,-89.0943,2259098,2022-07-31,12307
31,YUCATAN,20.7099,-89.0943,2259098,2022-08-31,1981
31,YUCATAN,20.7099,-89.0943,2259098,2022-09-30,546
31,YUCATAN,20.7099,-89.0943,2259098,2022-10-31,471
31,YUCATAN,20.7099,-89.0943,2259098,2022-11-30,2231
31,YUCATAN,20.7099,-89.0943,2259098,2022-12-31,2561
31,YUCATAN,20.7099,-89.0943,2259098,2023-01-31,689
31,YUCATAN,20.7099,-89.0943,2259098,2023-02-28,367
31,YUCATAN,20.7099,-89.0943,2259098,2023-03-31,341
31,YUCATAN,20.7099,-89.0943,2259098,2023-04-30,518
31,YUCATAN,20.7099,-89.0943,2259098,2023-05-31,1474
31,YUCATAN,20.7099,-89.0943,2259098,2023-06-30,716
32,ZACATECAS,22.7709,-102.5832,1666426,2020-02-29,0
32,ZACATECAS,22.7709,-102.5832,1666426,2020-03-31,25
32,ZACATECAS,22.7709,-102.5832,1666426,2020-04-30,92
32,ZACATECAS,22.7709,-102.5832,1666426,2020-05-31,247
32,ZACATECAS,22.7709,-102.5832,1666426,2020-06-30,716
32,ZACATECAS,22.7709,-102.5832,1666426,2020-07-31,1906
32,ZACATECAS,22.7709,-102.5832,1666426,2020-08-31,2545
32,ZACATECAS,22.7709,-102.5832,1666426,2020-09-30,2153
32,ZACATECAS,22.7709,-102.5832,1666426,2020-10-31,3929
32,ZACATECAS,22.7709,-102.5832,1666426,2020-11-30,5792
32,ZACATECAS,22.7709,-102.5832,1666426,2020-12-31,4082
32,ZACATECAS,22.7709,-102.5832,1666426,2021-01-31,3916
32,ZACATECAS,22.7709,-102.5832,1666426,2021-02-28,2148
32,ZACATECAS,22.7709,-102.5832,1666426,2021-03-31,1471
32,ZACATECAS,22.7709,-102.5832,1666426,2021-04-30,1021
32,ZACATECAS,22.7709,-102.5832,1666426,2021-05-31,706
32,ZACATECAS,22.7709,-102.5832,1666426,2021-06-30,286
32,ZACATECAS,22.7709,-102.5832,1666426,2021-07-31,2356
32,ZACATECAS,22.7709,-102.5832,1666426,2021-08-31,5066
32,ZACATECAS,22.7709,-102.5832,1666426,2021-09-30,1944
32,ZACATECAS,22.7709,-102.5832,1666426,2021-10-31,950
32,ZACATECAS,22.7709,-102.5832,1666426,2021-11-30,515
32,ZACATECAS,22.7709,-102.5832,1666426,2021-12-31,1430
32,ZACATECAS,22.7709,-102.5832,1666426,2022-01-31,21186
32,ZACATECAS,22.7709,-102.5832,1666426,2022-02-28,2499
32,ZACATECAS,22.7709,-102.5832,1666426,2022-03-31,417
32,ZACATECAS,22.7709,-102.5832,1666426,2022-04-30,70
32,ZACATECAS,22.7709,-102.5832,1666426,2022-05-31,139
32,ZACATECAS,22.7709,-102.5832,1666426,2022-06-30,1523
32,ZACATECAS,22.7709,-102.5832,1666426,2022-07-31,6661
32,ZACATECAS,22.7709,-102.5832,1666426,2022-08-31,3256
32,ZACATECAS,22.7709,-102.5832,1666426,2022-09-30,651
32,ZACATECAS,22.7709,-102.5832,1666426,2022-10-31,147
32,ZACATECAS,22.7709,-102.5832,1666426,2022-11-30,222
32,ZACATECAS,22.7709,-102.5832,1666426,2022-12-31,795
32,ZACATECAS,22.7709,-102.5832,1666426,2023-01-31,1710
32,ZACATECAS,22.7709,-102.5832,1666426,2023-02-28,672
32,ZACATECAS,22.7709,-102.5832,1666426,2023-03-31,358
32,ZACATECAS,22.7709,-102.5832,1666426,2023-04-30,214
32,ZACATECAS,22.7709,-102.5832,1666426,2023-05-31,254
32,ZACATECAS,22.7709,-102.5832,1666426,2023-06-30,63
